/*******************************************************************************
 * Size: 27 px
 * Bpp: 4
 * Opts: --force-fast-kern-format --no-compress --no-prefilter --font /tmp/BBHBogle-Oblique-left-15.ttf --format lvgl --lv-include lvgl.h --bpp 4 --size 27 -r 0x20-0x7F --lv-font-name font_match_bogle_oblique_27_4 -o /tmp/font_match_bogle_oblique_27_4.c
 ******************************************************************************/

#ifdef LV_LVGL_H_INCLUDE_SIMPLE
#include "lvgl.h"
#else
#include "lvgl.h"
#endif

#ifndef FONT_MATCH_BOGLE_OBLIQUE_27_4
#define FONT_MATCH_BOGLE_OBLIQUE_27_4 1
#endif

#if FONT_MATCH_BOGLE_OBLIQUE_27_4

/*-----------------
 *    BITMAPS
 *----------------*/

/*Store the image of the glyphs*/
static LV_ATTRIBUTE_LARGE_CONST const uint8_t glyph_bitmap[] = {
    /* U+0020 " " */

    /* U+0021 "!" */
    0x1f, 0xff, 0xc0, 0x0, 0x0, 0xd, 0xff, 0xf1,
    0x0, 0x0, 0x9, 0xff, 0xf5, 0x0, 0x0, 0x4,
    0xff, 0xf9, 0x0, 0x0, 0x0, 0xff, 0xfd, 0x0,
    0x0, 0x0, 0xcf, 0xff, 0x20, 0x0, 0x0, 0x8f,
    0xff, 0x60, 0x0, 0x0, 0x3f, 0xff, 0xa0, 0x0,
    0x0, 0xe, 0xff, 0xe0, 0x0, 0x0, 0x6, 0xff,
    0xe0, 0x0, 0x0, 0x0, 0xef, 0xe0, 0x0, 0x0,
    0x0, 0x6f, 0xf0, 0x0, 0x0, 0x0, 0x4, 0x40,
    0x0, 0x0, 0x0, 0x0, 0x0, 0x0, 0x0, 0x0,
    0x12, 0x22, 0x20, 0x0, 0x0, 0x4f, 0xff, 0xf0,
    0x0, 0x0, 0xf, 0xff, 0xf3, 0x0, 0x0, 0xb,
    0xff, 0xf7, 0x0, 0x0, 0x7, 0xff, 0xfc,

    /* U+0022 "\"" */
    0x6f, 0xff, 0x7f, 0xff, 0xd0, 0x1, 0xff, 0xfa,
    0xaf, 0xff, 0x0, 0xb, 0xff, 0xd5, 0xff, 0xf3,
    0x0, 0x6f, 0xff, 0x1f, 0xff, 0x70, 0x1, 0xff,
    0xf4, 0xaf, 0xfa, 0x0, 0xb, 0xff, 0x75, 0xff,
    0xd0, 0x0, 0x6f, 0xfa, 0xf, 0xff, 0x10, 0x0,
    0xcc, 0xa0, 0x8c, 0xc3,

    /* U+0023 "#" */
    0x0, 0xff, 0xa0, 0xbf, 0xf0, 0x0, 0x0, 0x0,
    0xdf, 0xd0, 0x8f, 0xf2, 0x0, 0x0, 0x0, 0xaf,
    0xf0, 0x6f, 0xf5, 0x0, 0x0, 0x0, 0x7f, 0xf3,
    0x3f, 0xf7, 0x0, 0x0, 0x0, 0x5f, 0xf5, 0xf,
    0xfa, 0x0, 0x0, 0xe, 0xff, 0xff, 0xff, 0xff,
    0xf9, 0x0, 0xa, 0xff, 0xff, 0xff, 0xff, 0xfd,
    0x0, 0x5, 0xef, 0xff, 0xef, 0xff, 0xfe, 0x20,
    0x0, 0x8, 0xff, 0x33, 0xff, 0x70, 0x0, 0x0,
    0x4, 0xff, 0x60, 0xff, 0xb0, 0x0, 0x0, 0x1,
    0xff, 0x90, 0xcf, 0xe0, 0x0, 0x0, 0x0, 0xdf,
    0xd0, 0x9f, 0xf2, 0x0, 0x0, 0x8f, 0xff, 0xff,
    0xff, 0xff, 0xf0, 0x0, 0x3f, 0xff, 0xff, 0xff,
    0xff, 0xf4, 0x0, 0xe, 0xef, 0xff, 0xef, 0xff,
    0xe8, 0x0, 0x0, 0xf, 0xfa, 0xc, 0xff, 0x0,
    0x0, 0x0, 0xd, 0xfd, 0x8, 0xff, 0x20, 0x0,
    0x0, 0x9, 0xff, 0x15, 0xff, 0x50, 0x0, 0x0,
    0x6, 0xff, 0x41, 0xff, 0x90,

    /* U+0024 "$" */
    0x0, 0x0, 0x5, 0xff, 0xff, 0xf0, 0x0, 0x0,
    0x0, 0x0, 0x0, 0x0, 0x0, 0x0, 0x1, 0xff,
    0xff, 0xf3, 0x0, 0x0, 0x0, 0x0, 0x0, 0x0,
    0x0, 0x0, 0x0, 0xdf, 0xff, 0xf8, 0x0, 0x0,
    0x0, 0x0, 0x0, 0x0, 0x0, 0x5, 0xcf, 0xff,
    0xff, 0xff, 0xeb, 0x60, 0x0, 0x0, 0x0, 0x0,
    0x0, 0xbf, 0xff, 0xff, 0xff, 0xff, 0xff, 0xff,
    0x91, 0x0, 0x0, 0x0, 0x8, 0xff, 0xff, 0xff,
    0xff, 0xff, 0xff, 0xff, 0xff, 0x60, 0x0, 0x0,
    0xd, 0xff, 0xff, 0xff, 0xff, 0xff, 0xff, 0xff,
    0xff, 0xf7, 0x0, 0x0, 0xe, 0xff, 0xff, 0xff,
    0x84, 0x46, 0xaf, 0xff, 0xfc, 0x83, 0x0, 0x0,
    0xc, 0xff, 0xff, 0xff, 0x61, 0x0, 0x1, 0x74,
    0x0, 0x0, 0x0, 0x0, 0x7, 0xff, 0xff, 0xff,
    0xff, 0xff, 0xff, 0xed, 0xa6, 0x0, 0x0, 0x0,
    0x1, 0xef, 0xff, 0xff, 0xff, 0xff, 0xff, 0xff,
    0xff, 0xf7, 0x0, 0x0, 0x0, 0x4f, 0xff, 0xff,
    0xff, 0xff, 0xff, 0xff, 0xff, 0xff, 0xb0, 0x0,
    0x0, 0x2, 0xcf, 0xff, 0xff, 0xff, 0xff, 0xff,
    0xff, 0xff, 0xf8, 0x0, 0x0, 0x0, 0x3, 0x9d,
    0xef, 0xff, 0xff, 0xff, 0xff, 0xff, 0xff, 0x0,
    0x0, 0x0, 0x0, 0x3, 0x81, 0x12, 0x34, 0x8f,
    0xff, 0xff, 0xff, 0x50, 0x0, 0x0, 0x38, 0xef,
    0xfc, 0x20, 0x0, 0x5, 0xff, 0xff, 0xff, 0x80,
    0x0, 0xb, 0xff, 0xff, 0xff, 0xfa, 0x64, 0x5b,
    0xff, 0xff, 0xff, 0x90, 0x0, 0x1, 0xef, 0xff,
    0xff, 0xff, 0xff, 0xff, 0xff, 0xff, 0xff, 0x60,
    0x0, 0x0, 0x1b, 0xff, 0xff, 0xff, 0xff, 0xff,
    0xff, 0xff, 0xfe, 0x10, 0x0, 0x0, 0x0, 0x5c,
    0xff, 0xff, 0xff, 0xff, 0xff, 0xff, 0xe3, 0x0,
    0x0, 0x0, 0x0, 0x0, 0x38, 0xcf, 0xff, 0xff,
    0xff, 0xe8, 0x10, 0x0, 0x0, 0x0, 0x0, 0x0,
    0x0, 0xa, 0xff, 0xff, 0xb1, 0x0, 0x0, 0x0,
    0x0, 0x0, 0x0, 0x0, 0x0, 0x5, 0xff, 0xff,
    0xe0, 0x0, 0x0, 0x0, 0x0, 0x0, 0x0, 0x0,
    0x0, 0x1, 0xff, 0xff, 0xf3, 0x0, 0x0, 0x0,

    /* U+0025 "%" */
    0x0, 0x5c, 0xff, 0xc6, 0x0, 0x0, 0x0, 0xe,
    0xff, 0xf7, 0x0, 0x0, 0x0, 0x0, 0x0, 0x5f,
    0xff, 0xff, 0xfd, 0x20, 0x0, 0x4, 0xff, 0xff,
    0x20, 0x0, 0x0, 0x0, 0x0, 0xc, 0xff, 0xff,
    0xff, 0xfe, 0x10, 0x0, 0x8f, 0xff, 0xe0, 0x0,
    0x0, 0x0, 0x0, 0x0, 0xdf, 0xff, 0x79, 0xff,
    0xf9, 0x0, 0xd, 0xff, 0xf9, 0x0, 0x0, 0x0,
    0x0, 0x0, 0xa, 0xff, 0xf0, 0xa, 0xff, 0xf0,
    0x2, 0xff, 0xff, 0x40, 0x0, 0x0, 0x0, 0x0,
    0x0, 0x5f, 0xff, 0x50, 0x6f, 0xff, 0x40, 0x7f,
    0xff, 0xf0, 0x0, 0x0, 0x0, 0x0, 0x0, 0x0,
    0xef, 0xfe, 0x7b, 0xff, 0xf7, 0xc, 0xff, 0xfa,
    0x0, 0x0, 0x0, 0x0, 0x0, 0x0, 0x5, 0xff,
    0xff, 0xff, 0xff, 0x61, 0xff, 0xff, 0x60, 0x0,
    0x0, 0x0, 0x0, 0x0, 0x0, 0x6, 0xff, 0xff,
    0xff, 0xe1, 0x5f, 0xff, 0xf1, 0x0, 0x45, 0x40,
    0x0, 0x0, 0x0, 0x0, 0x2, 0x9d, 0xfe, 0xa2,
    0xa, 0xff, 0xfc, 0x5, 0xff, 0xff, 0xf8, 0x0,
    0x0, 0x0, 0x0, 0x0, 0x0, 0x0, 0x0, 0xff,
    0xff, 0x71, 0xff, 0xff, 0xff, 0xfc, 0x10, 0x0,
    0x0, 0x0, 0x0, 0x0, 0x0, 0x4f, 0xff, 0xf2,
    0x5f, 0xff, 0xff, 0xff, 0xfb, 0x0, 0x0, 0x0,
    0x0, 0x0, 0x0, 0x8, 0xff, 0xfd, 0x4, 0xff,
    0xf9, 0xa, 0xff, 0xf3, 0x0, 0x0, 0x0, 0x0,
    0x0, 0x0, 0xdf, 0xff, 0x90, 0x1f, 0xff, 0x90,
    0x1f, 0xff, 0x80, 0x0, 0x0, 0x0, 0x0, 0x0,
    0x2f, 0xff, 0xf4, 0x0, 0xdf, 0xfd, 0x0, 0xdf,
    0xfc, 0x0, 0x0, 0x0, 0x0, 0x0, 0x7, 0xff,
    0xff, 0x0, 0x6, 0xff, 0xfb, 0x7f, 0xff, 0xf0,
    0x0, 0x0, 0x0, 0x0, 0x0, 0xcf, 0xff, 0xa0,
    0x0, 0xc, 0xff, 0xff, 0xff, 0xfd, 0x0, 0x0,
    0x0, 0x0, 0x0, 0x1f, 0xff, 0xf5, 0x0, 0x0,
    0x1c, 0xff, 0xff, 0xff, 0x70, 0x0, 0x0, 0x0,
    0x0, 0x5, 0xff, 0xff, 0x10, 0x0, 0x0, 0x5,
    0xbe, 0xfd, 0x60, 0x0,

    /* U+0026 "&" */
    0x8f, 0xff, 0xff, 0xf4, 0x0, 0x0, 0x0, 0x4,
    0xff, 0xff, 0xff, 0x80, 0x0, 0x0, 0x0, 0xf,
    0xff, 0xff, 0xfc, 0x0, 0x0, 0x0, 0x0, 0x7f,
    0xff, 0xb8, 0x70, 0x0, 0x0, 0x0, 0x0, 0xdf,
    0xfd, 0x0, 0x0, 0x0, 0x0, 0x0, 0x4, 0xff,
    0xf7, 0x0, 0x0, 0x0, 0x0, 0x0, 0xa, 0xff,
    0xf1, 0x0, 0x0, 0x0, 0x0, 0x0, 0x1f, 0xff,
    0xb0, 0x55, 0x40, 0x0, 0x0, 0x0, 0xbf, 0xff,
    0x4e, 0xff, 0x0, 0x0, 0x0, 0xcf, 0xff, 0xfe,
    0xcf, 0xf2, 0x0, 0x0, 0x5f, 0xff, 0xff, 0xff,
    0xff, 0x30, 0x0, 0x7, 0xff, 0xf6, 0xff, 0xff,
    0xf4, 0x0, 0x0, 0x5f, 0xff, 0xb, 0xff, 0xff,
    0x40, 0x0, 0x2, 0xff, 0xf5, 0x1f, 0xff, 0xf2,
    0x0, 0x0, 0xc, 0xff, 0xc0, 0x8f, 0xff, 0x10,
    0x0, 0x0, 0x5f, 0xff, 0xde, 0xff, 0xfa, 0x0,
    0x0, 0x0, 0xaf, 0xff, 0xff, 0xff, 0xf5, 0x0,
    0x0, 0x0, 0xcf, 0xff, 0xff, 0xff, 0xe1, 0x0,
    0x0, 0x0, 0x7d, 0xfb, 0x2e, 0xff, 0x90,

    /* U+0027 "'" */
    0x6f, 0xff, 0x60, 0x1f, 0xff, 0xa0, 0xb, 0xff,
    0xd0, 0x6, 0xff, 0xf0, 0x1, 0xff, 0xf4, 0x0,
    0xbf, 0xf7, 0x0, 0x6f, 0xfa, 0x0, 0xc, 0xca,

    /* U+0028 "(" */
    0x0, 0x82, 0x0, 0x0, 0x0, 0x7, 0xfc, 0x0,
    0x0, 0x0, 0xe, 0xf9, 0x0, 0x0, 0x0, 0x4f,
    0xf8, 0x0, 0x0, 0x0, 0x8f, 0xf9, 0x0, 0x0,
    0x0, 0xaf, 0xfa, 0x0, 0x0, 0x0, 0xbf, 0xfb,
    0x0, 0x0, 0x0, 0xbf, 0xfe, 0x0, 0x0, 0x0,
    0xaf, 0xff, 0x10, 0x0, 0x0, 0x9f, 0xff, 0x40,
    0x0, 0x0, 0x5f, 0xff, 0x80, 0x0, 0x0, 0x2f,
    0xff, 0xc0, 0x0, 0x0, 0xd, 0xff, 0xf1, 0x0,
    0x0, 0x8, 0xff, 0xf5, 0x0, 0x0, 0x2, 0xff,
    0xfb, 0x0, 0x0, 0x0, 0xbf, 0xff, 0x0, 0x0,
    0x0, 0x3f, 0xff, 0x60, 0x0, 0x0, 0xa, 0xff,
    0xc0, 0x0, 0x0, 0x1, 0xef, 0xf3, 0x0, 0x0,
    0x0, 0x4f, 0xfb, 0x0, 0x0, 0x0, 0x7, 0xff,
    0x40, 0x0, 0x0, 0x0, 0x8f, 0xd0, 0x0, 0x0,
    0x0, 0x7, 0xf7, 0x0, 0x0, 0x0, 0x0, 0x30,

    /* U+0029 ")" */
    0x7, 0x20, 0x0, 0x0, 0x0, 0x1, 0xee, 0x40,
    0x0, 0x0, 0x0, 0x5, 0xff, 0x30, 0x0, 0x0,
    0x0, 0xb, 0xff, 0x20, 0x0, 0x0, 0x0, 0x3f,
    0xfd, 0x0, 0x0, 0x0, 0x0, 0xbf, 0xf9, 0x0,
    0x0, 0x0, 0x5, 0xff, 0xf2, 0x0, 0x0, 0x0,
    0xe, 0xff, 0xb0, 0x0, 0x0, 0x0, 0x8f, 0xff,
    0x30, 0x0, 0x0, 0x3, 0xff, 0xfa, 0x0, 0x0,
    0x0, 0xe, 0xff, 0xf0, 0x0, 0x0, 0x0, 0x9f,
    0xff, 0x50, 0x0, 0x0, 0x5, 0xff, 0xf9, 0x0,
    0x0, 0x0, 0x1f, 0xff, 0xc0, 0x0, 0x0, 0x0,
    0xef, 0xff, 0x0, 0x0, 0x0, 0xa, 0xff, 0xf0,
    0x0, 0x0, 0x0, 0x7f, 0xff, 0x10, 0x0, 0x0,
    0x5, 0xff, 0xf1, 0x0, 0x0, 0x0, 0x3f, 0xff,
    0x0, 0x0, 0x0, 0x3, 0xff, 0xd0, 0x0, 0x0,
    0x0, 0x3f, 0xf9, 0x0, 0x0, 0x0, 0x4, 0xff,
    0x20, 0x0, 0x0, 0x0, 0x4f, 0xa0, 0x0, 0x0,
    0x0, 0x0, 0x21, 0x0,

    /* U+002A "*" */
    0x0, 0x3f, 0xfa, 0x0, 0x0, 0x1, 0x0, 0xcf,
    0xc0, 0x1, 0x0, 0x7d, 0x55, 0xfe, 0x9, 0xf2,
    0x9, 0xff, 0xef, 0xfe, 0xff, 0xb0, 0x6c, 0xef,
    0xff, 0xff, 0xeb, 0x20, 0x0, 0x8f, 0xff, 0xb0,
    0x0, 0x0, 0x4f, 0xfd, 0xdf, 0xd3, 0x0, 0x9,
    0xff, 0x72, 0xff, 0xe0, 0x0, 0x4, 0xe2, 0x4,
    0xe2, 0x0, 0x0, 0x0, 0x0, 0x0, 0x0,

    /* U+002B "+" */
    0x0, 0xc, 0xff, 0xf5, 0x0, 0x0, 0x0, 0x0,
    0x8, 0xff, 0xf9, 0x0, 0x0, 0x0, 0x0, 0x3,
    0xff, 0xfd, 0x0, 0x0, 0x0, 0x0, 0x1, 0xff,
    0xff, 0x20, 0x0, 0x0, 0x8f, 0xff, 0xff, 0xff,
    0xff, 0xff, 0x30, 0x4f, 0xff, 0xff, 0xff, 0xff,
    0xff, 0x70, 0xf, 0xff, 0xff, 0xff, 0xff, 0xff,
    0xc0, 0xb, 0xff, 0xff, 0xff, 0xff, 0xff, 0xf0,
    0x0, 0x0, 0xa, 0xff, 0xf7, 0x0, 0x0, 0x0,
    0x0, 0x6, 0xff, 0xfb, 0x0, 0x0, 0x0, 0x0,
    0x1, 0xff, 0xff, 0x0, 0x0, 0x0, 0x0, 0x0,
    0xdf, 0xff, 0x30, 0x0,

    /* U+002C "," */
    0x12, 0x22, 0x10, 0x6f, 0xff, 0xd0, 0x1f, 0xff,
    0xf1, 0xd, 0xff, 0xf6, 0x9, 0xff, 0xfa, 0x0,
    0xa, 0xfa, 0x0, 0x1f, 0xf3, 0x0, 0x6f, 0xc0,

    /* U+002D "-" */
    0x67, 0x77, 0x77, 0x77, 0x77, 0x50, 0xaf, 0xff,
    0xff, 0xff, 0xff, 0xf0, 0x6f, 0xff, 0xff, 0xff,
    0xff, 0xf4, 0x1f, 0xff, 0xff, 0xff, 0xff, 0xf8,

    /* U+002E "." */
    0x12, 0x22, 0x10, 0x6f, 0xff, 0xd0, 0x1f, 0xff,
    0xf2, 0xd, 0xff, 0xf6, 0x9, 0xff, 0xfa,

    /* U+002F "/" */
    0x0, 0xef, 0xfd, 0x0, 0xff, 0xfb, 0x1, 0xff,
    0xfa, 0x3, 0xff, 0xf8, 0x5, 0xff, 0xf6, 0x6,
    0xff, 0xf4, 0x8, 0xff, 0xf3, 0xa, 0xff, 0xf1,
    0xb, 0xff, 0xf0, 0xd, 0xff, 0xe0, 0xf, 0xff,
    0xc0, 0xf, 0xff, 0xa0, 0x2f, 0xff, 0x90, 0x4f,
    0xff, 0x70, 0x5f, 0xff, 0x50, 0x7f, 0xff, 0x40,
    0x9f, 0xff, 0x20, 0xbf, 0xff, 0x0, 0xcf, 0xff,
    0x0,

    /* U+0030 "0" */
    0x0, 0x5c, 0xfe, 0xb5, 0x0, 0x0, 0x0, 0x0,
    0x5f, 0xff, 0xff, 0xfb, 0x10, 0x0, 0x0, 0xd,
    0xff, 0xff, 0xff, 0xfc, 0x0, 0x0, 0x1, 0xff,
    0xff, 0xde, 0xff, 0xfa, 0x0, 0x0, 0x1f, 0xff,
    0xf0, 0xd, 0xff, 0xf3, 0x0, 0x0, 0xef, 0xff,
    0x0, 0x5f, 0xff, 0xa0, 0x0, 0xb, 0xff, 0xf4,
    0x0, 0xff, 0xff, 0x0, 0x0, 0x7f, 0xff, 0x80,
    0xb, 0xff, 0xf4, 0x0, 0x2, 0xff, 0xfd, 0x0,
    0x7f, 0xff, 0x80, 0x0, 0xe, 0xff, 0xf1, 0x2,
    0xff, 0xfc, 0x0, 0x0, 0x9f, 0xff, 0x60, 0xe,
    0xff, 0xf1, 0x0, 0x5, 0xff, 0xfa, 0x0, 0x9f,
    0xff, 0x50, 0x0, 0x1f, 0xff, 0xf0, 0x5, 0xff,
    0xfa, 0x0, 0x0, 0xbf, 0xff, 0x40, 0x1f, 0xff,
    0xd0, 0x0, 0x4, 0xff, 0xfc, 0x0, 0xff, 0xff,
    0x0, 0x0, 0xb, 0xff, 0xfe, 0xdf, 0xff, 0xf0,
    0x0, 0x0, 0x1d, 0xff, 0xff, 0xff, 0xfc, 0x0,
    0x0, 0x0, 0x1c, 0xff, 0xff, 0xff, 0x40, 0x0,
    0x0, 0x0, 0x5, 0xce, 0xfc, 0x40, 0x0,

    /* U+0031 "1" */
    0x0, 0x6e, 0xff, 0xe0, 0x0, 0x0, 0x0, 0x0,
    0x1b, 0xff, 0xff, 0xf3, 0x0, 0x0, 0x0, 0x0,
    0xcf, 0xff, 0xff, 0xf7, 0x0, 0x0, 0x0, 0x0,
    0x8f, 0xff, 0xff, 0xfb, 0x0, 0x0, 0x0, 0x0,
    0x4f, 0xfb, 0xef, 0xff, 0x0, 0x0, 0x0, 0x0,
    0xe, 0x50, 0xaf, 0xff, 0x40, 0x0, 0x0, 0x0,
    0x0, 0x0, 0x6f, 0xff, 0x80, 0x0, 0x0, 0x0,
    0x0, 0x0, 0x1f, 0xff, 0xc0, 0x0, 0x0, 0x0,
    0x0, 0x0, 0xd, 0xff, 0xf1, 0x0, 0x0, 0x0,
    0x0, 0x0, 0x9, 0xff, 0xf5, 0x0, 0x0, 0x0,
    0x0, 0x0, 0x4, 0xff, 0xf9, 0x0, 0x0, 0x0,
    0x0, 0x0, 0x0, 0xff, 0xfd, 0x0, 0x0, 0x0,
    0x0, 0x0, 0x0, 0xcf, 0xff, 0x20, 0x0, 0x0,
    0x0, 0x0, 0x0, 0x8f, 0xff, 0x60, 0x0, 0x0,
    0x0, 0x0, 0x0, 0x3f, 0xff, 0xa0, 0x0, 0x0,
    0x0, 0x2, 0x88, 0x8f, 0xff, 0xe8, 0x88, 0x20,
    0x0, 0x1, 0xff, 0xff, 0xff, 0xff, 0xff, 0x80,
    0x0, 0x0, 0xcf, 0xff, 0xff, 0xff, 0xff, 0xd0,
    0x0, 0x0, 0x8f, 0xff, 0xff, 0xff, 0xff, 0xf1,

    /* U+0032 "2" */
    0x0, 0x7d, 0xfe, 0xb5, 0x0, 0x0, 0x0, 0x0,
    0xaf, 0xff, 0xff, 0xfc, 0x10, 0x0, 0x0, 0x2f,
    0xff, 0xff, 0xff, 0xfd, 0x0, 0x0, 0x5, 0xff,
    0xff, 0xcf, 0xff, 0xf8, 0x0, 0x0, 0x4f, 0xff,
    0xb0, 0x2f, 0xff, 0xf0, 0x0, 0x1, 0xdd, 0xd8,
    0x0, 0xaf, 0xff, 0x40, 0x0, 0x0, 0x0, 0x0,
    0x8, 0xff, 0xf7, 0x0, 0x0, 0x0, 0x0, 0x0,
    0xaf, 0xff, 0x70, 0x0, 0x0, 0x0, 0x0, 0xf,
    0xff, 0xf5, 0x0, 0x0, 0x0, 0x0, 0x7, 0xff,
    0xff, 0x20, 0x0, 0x0, 0x0, 0x0, 0xef, 0xff,
    0xc0, 0x0, 0x0, 0x0, 0x0, 0x6f, 0xff, 0xf5,
    0x0, 0x0, 0x0, 0x0, 0xd, 0xff, 0xfd, 0x0,
    0x0, 0x0, 0x0, 0x5, 0xff, 0xff, 0x60, 0x0,
    0x0, 0x0, 0x0, 0xdf, 0xff, 0xe0, 0x0, 0x0,
    0x0, 0x0, 0x5f, 0xff, 0xfc, 0x88, 0x88, 0x81,
    0x0, 0x5, 0xff, 0xff, 0xff, 0xff, 0xff, 0x40,
    0x0, 0x1f, 0xff, 0xff, 0xff, 0xff, 0xf8, 0x0,
    0x0, 0xcf, 0xff, 0xff, 0xff, 0xff, 0xc0,

    /* U+0033 "3" */
    0x5f, 0xff, 0xff, 0xff, 0xff, 0x80, 0x0, 0x1,
    0xff, 0xff, 0xff, 0xff, 0xfc, 0x0, 0x0, 0xd,
    0xff, 0xff, 0xff, 0xff, 0xf0, 0x0, 0x0, 0x58,
    0x88, 0x8b, 0xff, 0xf9, 0x0, 0x0, 0x0, 0x0,
    0x0, 0xcf, 0xff, 0x20, 0x0, 0x0, 0x0, 0x0,
    0x3f, 0xff, 0xc0, 0x0, 0x0, 0x0, 0x0, 0xa,
    0xff, 0xf7, 0x0, 0x0, 0x0, 0x0, 0x1, 0xff,
    0xff, 0xfc, 0x20, 0x0, 0x0, 0x0, 0x7f, 0xff,
    0xff, 0xfe, 0x20, 0x0, 0x0, 0x0, 0x7e, 0xff,
    0xff, 0xfd, 0x0, 0x0, 0x0, 0x0, 0x17, 0x2b,
    0xff, 0xf7, 0x0, 0x0, 0x0, 0x0, 0x0, 0x1f,
    0xff, 0xe0, 0x0, 0x0, 0x0, 0x0, 0x0, 0xbf,
    0xff, 0x30, 0x0, 0xb, 0xcc, 0xa0, 0x8, 0xff,
    0xf7, 0x0, 0x0, 0xbf, 0xff, 0x60, 0x7f, 0xff,
    0x90, 0x0, 0x3, 0xff, 0xff, 0xcf, 0xff, 0xf9,
    0x0, 0x0, 0x7, 0xff, 0xff, 0xff, 0xff, 0x50,
    0x0, 0x0, 0x6, 0xff, 0xff, 0xff, 0xd0, 0x0,
    0x0, 0x0, 0x2, 0x9d, 0xfe, 0x91, 0x0,

    /* U+0034 "4" */
    0xdf, 0xff, 0x10, 0x0, 0x0, 0x0, 0xc, 0xff,
    0xf1, 0x0, 0x0, 0x0, 0x0, 0xcf, 0xff, 0x20,
    0x0, 0x0, 0x0, 0xb, 0xff, 0xf2, 0x0, 0x0,
    0x0, 0x0, 0xbf, 0xff, 0x20, 0x0, 0x0, 0x0,
    0xa, 0xff, 0xf3, 0x0, 0x0, 0x0, 0x0, 0xaf,
    0xff, 0x30, 0x0, 0x0, 0x0, 0x9, 0xff, 0xf3,
    0x0, 0x65, 0x0, 0x0, 0x9f, 0xff, 0x44, 0xcf,
    0xb0, 0x0, 0x8, 0xff, 0xf4, 0xef, 0xff, 0x0,
    0x0, 0x8f, 0xff, 0x4a, 0xff, 0xf3, 0x0, 0x7,
    0xff, 0xf5, 0x6f, 0xff, 0x80, 0x0, 0x6f, 0xff,
    0xff, 0xff, 0xff, 0xf3, 0x3, 0xff, 0xff, 0xff,
    0xff, 0xff, 0x80, 0xe, 0xff, 0xff, 0xff, 0xff,
    0xfc, 0x0, 0x58, 0x88, 0x8a, 0xff, 0xfd, 0x70,
    0x0, 0x0, 0x0, 0x1f, 0xff, 0xd0, 0x0, 0x0,
    0x0, 0x0, 0xcf, 0xff, 0x20, 0x0, 0x0, 0x0,
    0x8, 0xff, 0xf6, 0x0,

    /* U+0035 "5" */
    0x7f, 0xff, 0xff, 0xff, 0xa0, 0x0, 0x6, 0xff,
    0xff, 0xff, 0xfe, 0x0, 0x0, 0x4f, 0xff, 0xff,
    0xff, 0xf2, 0x0, 0x3, 0xff, 0xfe, 0x88, 0x88,
    0x20, 0x0, 0x1f, 0xff, 0xd0, 0x0, 0x0, 0x0,
    0x0, 0xff, 0xff, 0x0, 0x0, 0x0, 0x0, 0xe,
    0xff, 0xf5, 0xa9, 0x30, 0x0, 0x0, 0xdf, 0xff,
    0xff, 0xff, 0x80, 0x0, 0xb, 0xff, 0xff, 0xff,
    0xff, 0x70, 0x0, 0x7f, 0xff, 0xff, 0xff, 0xff,
    0x20, 0x0, 0x3, 0x87, 0x1a, 0xff, 0xfa, 0x0,
    0x0, 0x0, 0x0, 0xe, 0xff, 0xf1, 0x0, 0x0,
    0x0, 0x0, 0xaf, 0xff, 0x50, 0xc, 0xcc, 0xc0,
    0x6, 0xff, 0xf8, 0x0, 0xaf, 0xff, 0x70, 0x6f,
    0xff, 0xa0, 0x2, 0xff, 0xff, 0xcf, 0xff, 0xfa,
    0x0, 0x5, 0xff, 0xff, 0xff, 0xff, 0x60, 0x0,
    0x5, 0xef, 0xff, 0xff, 0xe1, 0x0, 0x0, 0x1,
    0x8d, 0xfe, 0xa2, 0x0,

    /* U+0036 "6" */
    0x0, 0x5c, 0xfe, 0xc6, 0x0, 0x0, 0x0, 0x0,
    0x6f, 0xff, 0xff, 0xfd, 0x20, 0x0, 0x0, 0xe,
    0xff, 0xff, 0xff, 0xfe, 0x20, 0x0, 0x1, 0xff,
    0xff, 0xde, 0xff, 0xfc, 0x0, 0x0, 0x1f, 0xff,
    0xf0, 0xc, 0xff, 0xf5, 0x0, 0x0, 0xef, 0xff,
    0x10, 0x26, 0x66, 0x40, 0x0, 0xb, 0xff, 0xf5,
    0x16, 0x51, 0x0, 0x0, 0x0, 0x6f, 0xff, 0xce,
    0xff, 0xf8, 0x0, 0x0, 0x2, 0xff, 0xff, 0xff,
    0xff, 0xf9, 0x0, 0x0, 0xd, 0xff, 0xff, 0xff,
    0xff, 0xf5, 0x0, 0x0, 0x9f, 0xff, 0xe1, 0x5f,
    0xff, 0xd0, 0x0, 0x4, 0xff, 0xfd, 0x0, 0xbf,
    0xff, 0x50, 0x0, 0xf, 0xff, 0xf0, 0x5, 0xff,
    0xfa, 0x0, 0x0, 0xbf, 0xff, 0x50, 0x2f, 0xff,
    0xe0, 0x0, 0x4, 0xff, 0xfd, 0x1, 0xff, 0xff,
    0x0, 0x0, 0xc, 0xff, 0xfe, 0xdf, 0xff, 0xf1,
    0x0, 0x0, 0x2e, 0xff, 0xff, 0xff, 0xfe, 0x0,
    0x0, 0x0, 0x2d, 0xff, 0xff, 0xff, 0x60, 0x0,
    0x0, 0x0, 0x6, 0xce, 0xfd, 0x60, 0x0,

    /* U+0037 "7" */
    0xcf, 0xff, 0xff, 0xff, 0xff, 0xe0, 0x7, 0xff,
    0xff, 0xff, 0xff, 0xff, 0x30, 0x3f, 0xff, 0xff,
    0xff, 0xff, 0xf7, 0x0, 0x78, 0x88, 0x88, 0x8f,
    0xff, 0x70, 0x0, 0x0, 0x0, 0x6, 0xff, 0xf4,
    0x0, 0x0, 0x0, 0x0, 0xcf, 0xff, 0x0, 0x0,
    0x0, 0x0, 0xf, 0xff, 0xe0, 0x0, 0x0, 0x0,
    0x4, 0xff, 0xfb, 0x0, 0x0, 0x0, 0x0, 0x6f,
    0xff, 0xa0, 0x0, 0x0, 0x0, 0x7, 0xff, 0xfa,
    0x0, 0x0, 0x0, 0x0, 0x8f, 0xff, 0xa0, 0x0,
    0x0, 0x0, 0x8, 0xff, 0xfb, 0x0, 0x0, 0x0,
    0x0, 0x7f, 0xff, 0xc0, 0x0, 0x0, 0x0, 0x6,
    0xff, 0xfe, 0x0, 0x0, 0x0, 0x0, 0x4f, 0xff,
    0xf0, 0x0, 0x0, 0x0, 0x2, 0xff, 0xff, 0x30,
    0x0, 0x0, 0x0, 0xf, 0xff, 0xf7, 0x0, 0x0,
    0x0, 0x0, 0xcf, 0xff, 0xa0, 0x0, 0x0, 0x0,
    0x8, 0xff, 0xfe, 0x0,

    /* U+0038 "8" */
    0x0, 0x8e, 0xfe, 0xb5, 0x0, 0x0, 0x0, 0x0,
    0xaf, 0xff, 0xff, 0xfc, 0x10, 0x0, 0x0, 0x1f,
    0xff, 0xff, 0xff, 0xfc, 0x0, 0x0, 0x3, 0xff,
    0xfe, 0x6b, 0xff, 0xf8, 0x0, 0x0, 0x2f, 0xff,
    0xb0, 0xe, 0xff, 0xe0, 0x0, 0x0, 0xdf, 0xfe,
    0x0, 0x8f, 0xff, 0x40, 0x0, 0x7, 0xff, 0xf4,
    0x5, 0xff, 0xf6, 0x0, 0x0, 0xd, 0xff, 0xe7,
    0xbf, 0xff, 0x50, 0x0, 0x0, 0x1d, 0xff, 0xff,
    0xff, 0xe0, 0x0, 0x0, 0x0, 0x1e, 0xff, 0xff,
    0xf9, 0x0, 0x0, 0x0, 0xb, 0xff, 0xff, 0xff,
    0xfc, 0x0, 0x0, 0x0, 0xff, 0xfe, 0x14, 0xff,
    0xfb, 0x0, 0x0, 0xf, 0xff, 0xd0, 0x9, 0xff,
    0xf5, 0x0, 0x0, 0xef, 0xff, 0x10, 0x4f, 0xff,
    0xb0, 0x0, 0x9, 0xff, 0xf8, 0x2, 0xff, 0xff,
    0x0, 0x0, 0x2f, 0xff, 0xf9, 0xbf, 0xff, 0xf0,
    0x0, 0x0, 0x6f, 0xff, 0xff, 0xff, 0xfe, 0x0,
    0x0, 0x0, 0x6f, 0xff, 0xff, 0xff, 0x60, 0x0,
    0x0, 0x0, 0x28, 0xdf, 0xfc, 0x50, 0x0,

    /* U+0039 "9" */
    0x0, 0x8d, 0xfe, 0xa4, 0x0, 0x0, 0x0, 0x0,
    0xaf, 0xff, 0xff, 0xfb, 0x0, 0x0, 0x0, 0x2f,
    0xff, 0xff, 0xff, 0xfc, 0x0, 0x0, 0x4, 0xff,
    0xff, 0xce, 0xff, 0xf8, 0x0, 0x0, 0x3f, 0xff,
    0xe0, 0x1e, 0xff, 0xf1, 0x0, 0x0, 0xff, 0xfe,
    0x0, 0x8f, 0xff, 0x70, 0x0, 0xc, 0xff, 0xf3,
    0x3, 0xff, 0xfd, 0x0, 0x0, 0x6f, 0xff, 0xa0,
    0xf, 0xff, 0xf1, 0x0, 0x0, 0xef, 0xff, 0xa9,
    0xff, 0xff, 0x60, 0x0, 0x4, 0xff, 0xff, 0xff,
    0xff, 0xfa, 0x0, 0x0, 0x6, 0xff, 0xff, 0xff,
    0xff, 0xe0, 0x0, 0x0, 0x3, 0xbf, 0xe6, 0xcf,
    0xff, 0x30, 0x0, 0x0, 0x0, 0x0, 0x7, 0xff,
    0xf7, 0x0, 0x0, 0x8b, 0xbb, 0x20, 0x3f, 0xff,
    0xb0, 0x0, 0x7, 0xff, 0xfa, 0x3, 0xff, 0xfd,
    0x0, 0x0, 0xe, 0xff, 0xfd, 0xef, 0xff, 0xd0,
    0x0, 0x0, 0x4f, 0xff, 0xff, 0xff, 0xfa, 0x0,
    0x0, 0x0, 0x4e, 0xff, 0xff, 0xff, 0x30, 0x0,
    0x0, 0x0, 0x17, 0xcf, 0xeb, 0x30, 0x0,

    /* U+003A ":" */
    0x12, 0x22, 0x10, 0x0, 0x8, 0xff, 0xfb, 0x0,
    0x0, 0x4f, 0xff, 0xf0, 0x0, 0x0, 0xff, 0xff,
    0x30, 0x0, 0xb, 0xff, 0xf8, 0x0, 0x0, 0x0,
    0x0, 0x0, 0x0, 0x0, 0x0, 0x0, 0x0, 0x0,
    0x0, 0x0, 0x0, 0x0, 0x0, 0x0, 0x0, 0x0,
    0x0, 0x0, 0x22, 0x22, 0x0, 0x0, 0x1f, 0xff,
    0xf2, 0x0, 0x0, 0xcf, 0xff, 0x70, 0x0, 0x8,
    0xff, 0xfb, 0x0, 0x0, 0x3f, 0xff, 0xf0,

    /* U+003B ";" */
    0x12, 0x22, 0x10, 0x0, 0x8, 0xff, 0xfb, 0x0,
    0x0, 0x4f, 0xff, 0xf0, 0x0, 0x0, 0xff, 0xff,
    0x30, 0x0, 0xb, 0xff, 0xf8, 0x0, 0x0, 0x0,
    0x0, 0x0, 0x0, 0x0, 0x0, 0x0, 0x0, 0x0,
    0x0, 0x0, 0x0, 0x0, 0x0, 0x0, 0x0, 0x0,
    0x0, 0x0, 0x22, 0x22, 0x0, 0x0, 0x1f, 0xff,
    0xf2, 0x0, 0x0, 0xcf, 0xff, 0x70, 0x0, 0x8,
    0xff, 0xfb, 0x0, 0x0, 0x3f, 0xff, 0xf0, 0x0,
    0x0, 0x4, 0xff, 0x0, 0x0, 0x0, 0xbf, 0x80,
    0x0, 0x0, 0x1f, 0xf2, 0x0,

    /* U+003C "<" */
    0x0, 0x0, 0x0, 0x0, 0x0, 0x0, 0x0, 0x0,
    0x0, 0x0, 0x0, 0x1, 0x7d, 0x30, 0x0, 0x0,
    0x0, 0x0, 0x5b, 0xff, 0xf7, 0x0, 0x0, 0x0,
    0x39, 0xff, 0xff, 0xff, 0xb0, 0x0, 0x17, 0xdf,
    0xff, 0xff, 0xff, 0xff, 0x0, 0x7, 0xff, 0xff,
    0xff, 0xff, 0xb6, 0x0, 0x0, 0x2f, 0xff, 0xff,
    0xe7, 0x10, 0x0, 0x0, 0x0, 0xef, 0xff, 0xff,
    0xe9, 0x40, 0x0, 0x0, 0x8, 0xff, 0xff, 0xff,
    0xff, 0xfb, 0x60, 0x0, 0x0, 0x5a, 0xef, 0xff,
    0xff, 0xff, 0x50, 0x0, 0x0, 0x0, 0x49, 0xef,
    0xff, 0xfa, 0x0, 0x0, 0x0, 0x0, 0x0, 0x38,
    0xdf, 0xe0, 0x0, 0x0, 0x0, 0x0, 0x0, 0x0,
    0x27, 0x10,

    /* U+003D "=" */
    0x6f, 0xff, 0xff, 0xff, 0xff, 0xff, 0x60, 0x1,
    0xff, 0xff, 0xff, 0xff, 0xff, 0xfa, 0x0, 0xd,
    0xff, 0xff, 0xff, 0xff, 0xff, 0xe0, 0x0, 0x9f,
    0xff, 0xff, 0xff, 0xff, 0xff, 0x30, 0x0, 0x0,
    0x0, 0x0, 0x0, 0x0, 0x0, 0x0, 0x0, 0x0,
    0x0, 0x0, 0x0, 0x0, 0x0, 0x0, 0xcf, 0xff,
    0xff, 0xff, 0xff, 0xff, 0x0, 0x8, 0xff, 0xff,
    0xff, 0xff, 0xff, 0xf4, 0x0, 0x3f, 0xff, 0xff,
    0xff, 0xff, 0xff, 0x80, 0x0, 0xff, 0xff, 0xff,
    0xff, 0xff, 0xfc,

    /* U+003E ">" */
    0x0, 0x0, 0x0, 0x0, 0x0, 0x0, 0x0, 0x8,
    0xb6, 0x10, 0x0, 0x0, 0x0, 0x0, 0x0, 0x4f,
    0xff, 0xc7, 0x20, 0x0, 0x0, 0x0, 0x0, 0xff,
    0xff, 0xff, 0xd8, 0x30, 0x0, 0x0, 0xa, 0xff,
    0xff, 0xff, 0xff, 0xe9, 0x40, 0x0, 0x2, 0x7c,
    0xff, 0xff, 0xff, 0xff, 0x40, 0x0, 0x0, 0x1,
    0x5a, 0xff, 0xff, 0xf9, 0x0, 0x0, 0x0, 0x4a,
    0xff, 0xff, 0xff, 0xd0, 0x0, 0x29, 0xef, 0xff,
    0xff, 0xff, 0xfe, 0x0, 0x5, 0xff, 0xff, 0xff,
    0xff, 0xa4, 0x0, 0x0, 0x1f, 0xff, 0xff, 0xd7,
    0x10, 0x0, 0x0, 0x0, 0xdf, 0xe9, 0x30, 0x0,
    0x0, 0x0, 0x0, 0x5, 0x50, 0x0, 0x0, 0x0,
    0x0, 0x0,

    /* U+003F "?" */
    0x2, 0xae, 0xfd, 0x93, 0x0, 0x0, 0x1e, 0xff,
    0xff, 0xff, 0x90, 0x0, 0x8f, 0xff, 0xff, 0xff,
    0xf9, 0x0, 0xaf, 0xff, 0xec, 0xff, 0xff, 0x40,
    0x9f, 0xff, 0x50, 0x6f, 0xff, 0xb0, 0x49, 0x99,
    0x30, 0xe, 0xff, 0xf0, 0x0, 0x0, 0x0, 0x1e,
    0xff, 0xf1, 0x0, 0x0, 0xef, 0xff, 0xff, 0xe0,
    0x0, 0x0, 0xaf, 0xff, 0xff, 0x60, 0x0, 0x0,
    0x5f, 0xff, 0xb4, 0x0, 0x0, 0x0, 0x1f, 0xff,
    0x20, 0x0, 0x0, 0x0, 0xd, 0xff, 0x60, 0x0,
    0x0, 0x0, 0x1, 0x22, 0x10, 0x0, 0x0, 0x0,
    0x0, 0x0, 0x0, 0x0, 0x0, 0x0, 0x1, 0x22,
    0x22, 0x0, 0x0, 0x0, 0x4, 0xff, 0xff, 0x0,
    0x0, 0x0, 0x0, 0xff, 0xff, 0x30, 0x0, 0x0,
    0x0, 0xbf, 0xff, 0x70, 0x0, 0x0, 0x0, 0x7f,
    0xff, 0xc0,

    /* U+0040 "@" */
    0x0, 0x0, 0x4, 0x9d, 0xef, 0xec, 0x95, 0x0,
    0x0, 0x0, 0x0, 0x0, 0x3, 0xcf, 0xff, 0xff,
    0xff, 0xff, 0xe6, 0x0, 0x0, 0x0, 0x0, 0x3f,
    0xff, 0xfc, 0x97, 0x79, 0xcf, 0xff, 0xd2, 0x0,
    0x0, 0x0, 0xef, 0xfd, 0x30, 0x0, 0x0, 0x1,
    0x8f, 0xfe, 0x30, 0x0, 0x8, 0xff, 0xd1, 0x0,
    0x0, 0x0, 0x0, 0x2, 0xdf, 0xf3, 0x0, 0xd,
    0xff, 0x40, 0x8, 0xdf, 0xd8, 0x12, 0x22, 0x1e,
    0xfd, 0x0, 0x1f, 0xfe, 0x0, 0x9f, 0xff, 0xff,
    0xdf, 0xff, 0x43, 0xff, 0x60, 0x2f, 0xfb, 0x1,
    0xff, 0xff, 0xff, 0xff, 0xff, 0x50, 0xcf, 0xd0,
    0x2f, 0xfa, 0x3, 0xff, 0xff, 0x99, 0xff, 0xff,
    0x60, 0x5f, 0xf2, 0xf, 0xfc, 0x2, 0xff, 0xf9,
    0x0, 0x3f, 0xff, 0x70, 0x2f, 0xf5, 0xc, 0xff,
    0x0, 0xef, 0xfc, 0x0, 0xe, 0xff, 0x80, 0x2f,
    0xf6, 0x8, 0xff, 0x50, 0x8f, 0xff, 0xb5, 0x8f,
    0xff, 0xa0, 0x7f, 0xf4, 0x2, 0xff, 0xb0, 0x1e,
    0xff, 0xff, 0xff, 0xff, 0xfb, 0xff, 0xe0, 0x0,
    0xaf, 0xf5, 0x2, 0xef, 0xff, 0xff, 0xff, 0xff,
    0xff, 0x50, 0x0, 0x2f, 0xfe, 0x10, 0x19, 0xef,
    0xd6, 0x2b, 0xff, 0xc4, 0x0, 0x0, 0x5, 0xff,
    0xd1, 0x0, 0x0, 0x0, 0x0, 0x0, 0x0, 0x0,
    0x0, 0x0, 0x6f, 0xfe, 0x50, 0x0, 0x0, 0x0,
    0x3, 0x0, 0x0, 0x0, 0x0, 0x6, 0xff, 0xfd,
    0x73, 0x10, 0x26, 0xee, 0x20, 0x0, 0x0, 0x0,
    0x0, 0x2c, 0xff, 0xff, 0xff, 0xff, 0xff, 0xe0,
    0x0, 0x0, 0x0, 0x0, 0x0, 0x5b, 0xff, 0xff,
    0xff, 0xfc, 0x40, 0x0, 0x0, 0x0, 0x0, 0x0,
    0x0, 0x4, 0x67, 0x65, 0x10, 0x0, 0x0,

    /* U+0041 "A" */
    0x1f, 0xff, 0xff, 0x0, 0x0, 0x0, 0x0, 0xf,
    0xff, 0xff, 0x60, 0x0, 0x0, 0x0, 0xd, 0xff,
    0xff, 0xd0, 0x0, 0x0, 0x0, 0xb, 0xff, 0xff,
    0xf4, 0x0, 0x0, 0x0, 0x9, 0xff, 0xff, 0xfb,
    0x0, 0x0, 0x0, 0x7, 0xff, 0xff, 0xff, 0x10,
    0x0, 0x0, 0x5, 0xff, 0xe9, 0xff, 0x80, 0x0,
    0x0, 0x4, 0xff, 0xf6, 0xff, 0xe0, 0x0, 0x0,
    0x2, 0xff, 0xf5, 0xff, 0xf5, 0x0, 0x0, 0x0,
    0xff, 0xf8, 0xbf, 0xfc, 0x0, 0x0, 0x0, 0xef,
    0xfb, 0x6f, 0xff, 0x30, 0x0, 0x0, 0xcf, 0xfd,
    0x1f, 0xff, 0x90, 0x0, 0x0, 0xaf, 0xff, 0xb,
    0xff, 0xf1, 0x0, 0x0, 0x8f, 0xff, 0xff, 0xff,
    0xf7, 0x0, 0x0, 0x6f, 0xff, 0xff, 0xff, 0xfd,
    0x0, 0x0, 0x4f, 0xff, 0xff, 0xff, 0xff, 0x40,
    0x0, 0x3f, 0xff, 0xeb, 0xbf, 0xff, 0xb0, 0x0,
    0x1f, 0xff, 0xc0, 0xc, 0xff, 0xf2, 0x0, 0xf,
    0xff, 0xf0, 0x6, 0xff, 0xf8,

    /* U+0042 "B" */
    0xe, 0xff, 0xff, 0xfd, 0xa3, 0x0, 0x0, 0x0,
    0x0, 0xaf, 0xff, 0xff, 0xff, 0xf9, 0x0, 0x0,
    0x0, 0x6, 0xff, 0xff, 0xff, 0xff, 0xf9, 0x0,
    0x0, 0x0, 0x1f, 0xff, 0xf9, 0xcf, 0xff, 0xf3,
    0x0, 0x0, 0x0, 0xdf, 0xff, 0x10, 0x7f, 0xff,
    0x90, 0x0, 0x0, 0x9, 0xff, 0xf5, 0x0, 0xff,
    0xfe, 0x0, 0x0, 0x0, 0x5f, 0xff, 0x90, 0xd,
    0xff, 0xf1, 0x0, 0x0, 0x0, 0xff, 0xfd, 0x2,
    0xef, 0xff, 0x10, 0x0, 0x0, 0xc, 0xff, 0xff,
    0xff, 0xff, 0xb0, 0x0, 0x0, 0x0, 0x8f, 0xff,
    0xff, 0xff, 0x60, 0x0, 0x0, 0x0, 0x3, 0xff,
    0xff, 0xff, 0xff, 0xa2, 0x0, 0x0, 0x0, 0xf,
    0xff, 0xf5, 0x7e, 0xff, 0xf2, 0x0, 0x0, 0x0,
    0xbf, 0xff, 0x20, 0x2f, 0xff, 0xb0, 0x0, 0x0,
    0x7, 0xff, 0xf6, 0x0, 0xcf, 0xff, 0x20, 0x0,
    0x0, 0x2f, 0xff, 0xb0, 0xb, 0xff, 0xf6, 0x0,
    0x0, 0x0, 0xef, 0xff, 0x9a, 0xff, 0xff, 0x90,
    0x0, 0x0, 0xa, 0xff, 0xff, 0xff, 0xff, 0xf8,
    0x0, 0x0, 0x0, 0x5f, 0xff, 0xff, 0xff, 0xff,
    0x20, 0x0, 0x0, 0x1, 0xff, 0xff, 0xff, 0xea,
    0x30, 0x0,

    /* U+0043 "C" */
    0x0, 0x5c, 0xfe, 0xb4, 0x0, 0x0, 0x0, 0x0,
    0x6f, 0xff, 0xff, 0xfa, 0x0, 0x0, 0x0, 0xe,
    0xff, 0xff, 0xff, 0xfb, 0x0, 0x0, 0x2, 0xff,
    0xff, 0xde, 0xff, 0xf8, 0x0, 0x0, 0x2f, 0xff,
    0xe0, 0x1e, 0xff, 0xf2, 0x0, 0x0, 0xff, 0xff,
    0x0, 0x7f, 0xff, 0x80, 0x0, 0xc, 0xff, 0xf3,
    0x2, 0xff, 0xfd, 0x0, 0x0, 0x7f, 0xff, 0x70,
    0xc, 0xee, 0xd1, 0x0, 0x3, 0xff, 0xfc, 0x0,
    0x0, 0x0, 0x0, 0x0, 0xe, 0xff, 0xf1, 0x0,
    0x0, 0x0, 0x0, 0x0, 0xaf, 0xff, 0x50, 0x0,
    0x0, 0x0, 0x0, 0x6, 0xff, 0xfa, 0x0, 0xae,
    0xee, 0x30, 0x0, 0x1f, 0xff, 0xe0, 0x7, 0xff,
    0xf8, 0x0, 0x0, 0xcf, 0xff, 0x30, 0x3f, 0xff,
    0xb0, 0x0, 0x5, 0xff, 0xfb, 0x2, 0xff, 0xfe,
    0x0, 0x0, 0xc, 0xff, 0xfd, 0xdf, 0xff, 0xd0,
    0x0, 0x0, 0x1e, 0xff, 0xff, 0xff, 0xfa, 0x0,
    0x0, 0x0, 0x2c, 0xff, 0xff, 0xff, 0x30, 0x0,
    0x0, 0x0, 0x6, 0xce, 0xeb, 0x30, 0x0,

    /* U+0044 "D" */
    0xe, 0xff, 0xff, 0xfe, 0xb4, 0x0, 0x0, 0x0,
    0xa, 0xff, 0xff, 0xff, 0xff, 0x90, 0x0, 0x0,
    0x6, 0xff, 0xff, 0xff, 0xff, 0xf9, 0x0, 0x0,
    0x1, 0xff, 0xff, 0xab, 0xff, 0xff, 0x30, 0x0,
    0x0, 0xdf, 0xff, 0x0, 0x6f, 0xff, 0xb0, 0x0,
    0x0, 0x9f, 0xff, 0x40, 0xe, 0xff, 0xf1, 0x0,
    0x0, 0x5f, 0xff, 0x80, 0x9, 0xff, 0xf6, 0x0,
    0x0, 0xf, 0xff, 0xd0, 0x5, 0xff, 0xfa, 0x0,
    0x0, 0xc, 0xff, 0xf1, 0x1, 0xff, 0xfe, 0x0,
    0x0, 0x8, 0xff, 0xf5, 0x0, 0xdf, 0xff, 0x20,
    0x0, 0x3, 0xff, 0xf9, 0x0, 0x8f, 0xff, 0x70,
    0x0, 0x0, 0xff, 0xfe, 0x0, 0x4f, 0xff, 0xb0,
    0x0, 0x0, 0xbf, 0xff, 0x20, 0xf, 0xff, 0xf0,
    0x0, 0x0, 0x7f, 0xff, 0x60, 0xc, 0xff, 0xf3,
    0x0, 0x0, 0x2f, 0xff, 0xa0, 0xc, 0xff, 0xf6,
    0x0, 0x0, 0xe, 0xff, 0xfa, 0xbf, 0xff, 0xf6,
    0x0, 0x0, 0xa, 0xff, 0xff, 0xff, 0xff, 0xf4,
    0x0, 0x0, 0x5, 0xff, 0xff, 0xff, 0xff, 0xd0,
    0x0, 0x0, 0x1, 0xff, 0xff, 0xff, 0xfb, 0x20,

    /* U+0045 "E" */
    0xe, 0xff, 0xff, 0xff, 0xff, 0xfb, 0x0, 0x0,
    0x0, 0xaf, 0xff, 0xff, 0xff, 0xff, 0xf0, 0x0,
    0x0, 0x6, 0xff, 0xff, 0xff, 0xff, 0xff, 0x40,
    0x0, 0x0, 0x1f, 0xff, 0xfa, 0xaa, 0xaa, 0xa5,
    0x0, 0x0, 0x0, 0xdf, 0xff, 0x10, 0x0, 0x0,
    0x0, 0x0, 0x0, 0x9, 0xff, 0xf5, 0x0, 0x0,
    0x0, 0x0, 0x0, 0x0, 0x5f, 0xff, 0x90, 0x0,
    0x0, 0x0, 0x0, 0x0, 0x0, 0xff, 0xfc, 0x0,
    0x0, 0x0, 0x0, 0x0, 0x0, 0xc, 0xff, 0xff,
    0xff, 0xff, 0x10, 0x0, 0x0, 0x0, 0x8f, 0xff,
    0xff, 0xff, 0xf5, 0x0, 0x0, 0x0, 0x3, 0xff,
    0xff, 0xff, 0xff, 0xa0, 0x0, 0x0, 0x0, 0xf,
    0xff, 0xfb, 0xbb, 0xb9, 0x0, 0x0, 0x0, 0x0,
    0xbf, 0xff, 0x20, 0x0, 0x0, 0x0, 0x0, 0x0,
    0x7, 0xff, 0xf7, 0x0, 0x0, 0x0, 0x0, 0x0,
    0x0, 0x2f, 0xff, 0xb0, 0x0, 0x0, 0x0, 0x0,
    0x0, 0x0, 0xef, 0xff, 0xaa, 0xaa, 0xaa, 0x70,
    0x0, 0x0, 0xa, 0xff, 0xff, 0xff, 0xff, 0xff,
    0x0, 0x0, 0x0, 0x5f, 0xff, 0xff, 0xff, 0xff,
    0xf4, 0x0, 0x0, 0x1, 0xff, 0xff, 0xff, 0xff,
    0xff, 0x80,

    /* U+0046 "F" */
    0xe, 0xff, 0xff, 0xff, 0xff, 0xfb, 0x0, 0xa,
    0xff, 0xff, 0xff, 0xff, 0xff, 0x0, 0x6, 0xff,
    0xff, 0xff, 0xff, 0xff, 0x40, 0x1, 0xff, 0xff,
    0xaa, 0xaa, 0xaa, 0x50, 0x0, 0xdf, 0xff, 0x10,
    0x0, 0x0, 0x0, 0x0, 0x9f, 0xff, 0x50, 0x0,
    0x0, 0x0, 0x0, 0x5f, 0xff, 0x90, 0x0, 0x0,
    0x0, 0x0, 0xf, 0xff, 0xd0, 0x0, 0x0, 0x0,
    0x0, 0xc, 0xff, 0xff, 0xff, 0xff, 0x20, 0x0,
    0x8, 0xff, 0xff, 0xff, 0xff, 0x70, 0x0, 0x3,
    0xff, 0xff, 0xff, 0xff, 0xb0, 0x0, 0x0, 0xff,
    0xff, 0xbb, 0xbb, 0xa0, 0x0, 0x0, 0xbf, 0xff,
    0x30, 0x0, 0x0, 0x0, 0x0, 0x7f, 0xff, 0x70,
    0x0, 0x0, 0x0, 0x0, 0x2f, 0xff, 0xc0, 0x0,
    0x0, 0x0, 0x0, 0xe, 0xff, 0xf0, 0x0, 0x0,
    0x0, 0x0, 0xa, 0xff, 0xf4, 0x0, 0x0, 0x0,
    0x0, 0x5, 0xff, 0xf9, 0x0, 0x0, 0x0, 0x0,
    0x1, 0xff, 0xfd, 0x0, 0x0,

    /* U+0047 "G" */
    0x0, 0x5c, 0xfe, 0xb4, 0x0, 0x0, 0x0, 0x0,
    0x6, 0xff, 0xff, 0xff, 0xb1, 0x0, 0x0, 0x0,
    0xe, 0xff, 0xff, 0xff, 0xfc, 0x0, 0x0, 0x0,
    0x1f, 0xff, 0xfb, 0xdf, 0xff, 0x90, 0x0, 0x0,
    0x1f, 0xff, 0xd0, 0xd, 0xff, 0xf3, 0x0, 0x0,
    0xf, 0xff, 0xe0, 0x6, 0xff, 0xf9, 0x0, 0x0,
    0xb, 0xff, 0xf3, 0x1, 0xff, 0xfe, 0x0, 0x0,
    0x7, 0xff, 0xf7, 0x0, 0x45, 0x55, 0x0, 0x0,
    0x3, 0xff, 0xfc, 0x4, 0x44, 0x44, 0x20, 0x0,
    0x0, 0xef, 0xff, 0xd, 0xff, 0xff, 0xc0, 0x0,
    0x0, 0xaf, 0xff, 0x59, 0xff, 0xff, 0xf0, 0x0,
    0x0, 0x5f, 0xff, 0x94, 0xff, 0xff, 0xf4, 0x0,
    0x0, 0x1f, 0xff, 0xe0, 0x6, 0xff, 0xf8, 0x0,
    0x0, 0xc, 0xff, 0xf3, 0x2, 0xff, 0xfd, 0x0,
    0x0, 0x6, 0xff, 0xfa, 0x1, 0xff, 0xff, 0x10,
    0x0, 0x0, 0xef, 0xff, 0xcc, 0xff, 0xff, 0x50,
    0x0, 0x0, 0x5f, 0xff, 0xff, 0xfe, 0xff, 0x90,
    0x0, 0x0, 0x7, 0xff, 0xff, 0xf5, 0xff, 0xd0,
    0x0, 0x0, 0x0, 0x4b, 0xfe, 0x90, 0xef, 0xf2,

    /* U+0048 "H" */
    0xe, 0xff, 0xf0, 0x3, 0xff, 0xfb, 0x0, 0x0,
    0x0, 0xaf, 0xff, 0x40, 0xf, 0xff, 0xf0, 0x0,
    0x0, 0x6, 0xff, 0xf8, 0x0, 0xbf, 0xff, 0x40,
    0x0, 0x0, 0x1f, 0xff, 0xc0, 0x7, 0xff, 0xf8,
    0x0, 0x0, 0x0, 0xdf, 0xff, 0x0, 0x2f, 0xff,
    0xc0, 0x0, 0x0, 0x9, 0xff, 0xf4, 0x0, 0xef,
    0xff, 0x10, 0x0, 0x0, 0x5f, 0xff, 0x80, 0xa,
    0xff, 0xf5, 0x0, 0x0, 0x0, 0xff, 0xfe, 0xaa,
    0xdf, 0xff, 0x90, 0x0, 0x0, 0xc, 0xff, 0xff,
    0xff, 0xff, 0xfd, 0x0, 0x0, 0x0, 0x8f, 0xff,
    0xff, 0xff, 0xff, 0xf1, 0x0, 0x0, 0x3, 0xff,
    0xff, 0xff, 0xff, 0xff, 0x60, 0x0, 0x0, 0xf,
    0xff, 0xe0, 0x4, 0xff, 0xfa, 0x0, 0x0, 0x0,
    0xbf, 0xff, 0x20, 0xf, 0xff, 0xe0, 0x0, 0x0,
    0x7, 0xff, 0xf7, 0x0, 0xcf, 0xff, 0x30, 0x0,
    0x0, 0x2f, 0xff, 0xb0, 0x7, 0xff, 0xf7, 0x0,
    0x0, 0x0, 0xef, 0xff, 0x0, 0x3f, 0xff, 0xb0,
    0x0, 0x0, 0xa, 0xff, 0xf4, 0x0, 0xff, 0xff,
    0x0, 0x0, 0x0, 0x5f, 0xff, 0x80, 0xb, 0xff,
    0xf4, 0x0, 0x0, 0x1, 0xff, 0xfc, 0x0, 0x6f,
    0xff, 0x80,

    /* U+0049 "I" */
    0x8f, 0xff, 0xff, 0xff, 0xff, 0xf1, 0x0, 0x0,
    0x4, 0xff, 0xff, 0xff, 0xff, 0xff, 0x60, 0x0,
    0x0, 0xf, 0xff, 0xff, 0xff, 0xff, 0xfa, 0x0,
    0x0, 0x0, 0x7a, 0xab, 0xff, 0xfe, 0xaa, 0x90,
    0x0, 0x0, 0x0, 0x0, 0x1f, 0xff, 0xd0, 0x0,
    0x0, 0x0, 0x0, 0x0, 0x0, 0xdf, 0xff, 0x10,
    0x0, 0x0, 0x0, 0x0, 0x0, 0x8, 0xff, 0xf5,
    0x0, 0x0, 0x0, 0x0, 0x0, 0x0, 0x4f, 0xff,
    0xa0, 0x0, 0x0, 0x0, 0x0, 0x0, 0x0, 0xff,
    0xfe, 0x0, 0x0, 0x0, 0x0, 0x0, 0x0, 0xc,
    0xff, 0xf2, 0x0, 0x0, 0x0, 0x0, 0x0, 0x0,
    0x7f, 0xff, 0x60, 0x0, 0x0, 0x0, 0x0, 0x0,
    0x3, 0xff, 0xfb, 0x0, 0x0, 0x0, 0x0, 0x0,
    0x0, 0xf, 0xff, 0xf0, 0x0, 0x0, 0x0, 0x0,
    0x0, 0x0, 0xbf, 0xff, 0x30, 0x0, 0x0, 0x0,
    0x0, 0x0, 0x7, 0xff, 0xf7, 0x0, 0x0, 0x0,
    0x0, 0x5, 0xaa, 0xbf, 0xff, 0xea, 0xaa, 0x10,
    0x0, 0x0, 0x4f, 0xff, 0xff, 0xff, 0xff, 0xf5,
    0x0, 0x0, 0x0, 0xff, 0xff, 0xff, 0xff, 0xff,
    0xa0, 0x0, 0x0, 0xb, 0xff, 0xff, 0xff, 0xff,
    0xfe, 0x0,

    /* U+004A "J" */
    0xcf, 0xff, 0xff, 0xff, 0xfc, 0x0, 0x0, 0x7f,
    0xff, 0xff, 0xff, 0xff, 0x10, 0x0, 0x3f, 0xff,
    0xff, 0xff, 0xff, 0x50, 0x0, 0xa, 0xaa, 0xaa,
    0xbf, 0xff, 0xa0, 0x0, 0x0, 0x0, 0x0, 0xf,
    0xff, 0xe0, 0x0, 0x0, 0x0, 0x0, 0xb, 0xff,
    0xf2, 0x0, 0x0, 0x0, 0x0, 0x7, 0xff, 0xf7,
    0x0, 0x0, 0x0, 0x0, 0x3, 0xff, 0xfb, 0x0,
    0x0, 0x0, 0x0, 0x0, 0xef, 0xff, 0x0, 0x0,
    0x0, 0x0, 0x0, 0xaf, 0xff, 0x40, 0x0, 0x0,
    0x0, 0x0, 0x5f, 0xff, 0x80, 0x0, 0x35, 0x55,
    0x0, 0x1f, 0xff, 0xc0, 0x0, 0x8f, 0xff, 0x50,
    0xd, 0xff, 0xf1, 0x0, 0x4f, 0xff, 0xa0, 0x9,
    0xff, 0xf5, 0x0, 0xd, 0xff, 0xf3, 0x9, 0xff,
    0xf7, 0x0, 0x5, 0xff, 0xff, 0xcf, 0xff, 0xf8,
    0x0, 0x0, 0xaf, 0xff, 0xff, 0xff, 0xf5, 0x0,
    0x0, 0xa, 0xff, 0xff, 0xff, 0xe0, 0x0, 0x0,
    0x0, 0x4a, 0xef, 0xea, 0x20,

    /* U+004B "K" */
    0xe, 0xff, 0xf0, 0xf, 0xff, 0xf3, 0x0, 0x0,
    0x0, 0xaf, 0xff, 0x43, 0xff, 0xff, 0x0, 0x0,
    0x0, 0x6, 0xff, 0xf8, 0x6f, 0xff, 0xb0, 0x0,
    0x0, 0x0, 0x1f, 0xff, 0xc8, 0xff, 0xf8, 0x0,
    0x0, 0x0, 0x0, 0xdf, 0xff, 0xcf, 0xff, 0x40,
    0x0, 0x0, 0x0, 0x9, 0xff, 0xff, 0xff, 0xf1,
    0x0, 0x0, 0x0, 0x0, 0x5f, 0xff, 0xff, 0xfd,
    0x0, 0x0, 0x0, 0x0, 0x0, 0xff, 0xff, 0xff,
    0xe0, 0x0, 0x0, 0x0, 0x0, 0xc, 0xff, 0xff,
    0xff, 0x80, 0x0, 0x0, 0x0, 0x0, 0x8f, 0xff,
    0xff, 0xff, 0x20, 0x0, 0x0, 0x0, 0x3, 0xff,
    0xff, 0xff, 0xfb, 0x0, 0x0, 0x0, 0x0, 0xf,
    0xff, 0xff, 0xff, 0xf4, 0x0, 0x0, 0x0, 0x0,
    0xbf, 0xff, 0x8f, 0xff, 0xd0, 0x0, 0x0, 0x0,
    0x7, 0xff, 0xf7, 0xcf, 0xff, 0x70, 0x0, 0x0,
    0x0, 0x2f, 0xff, 0xb3, 0xff, 0xff, 0x10, 0x0,
    0x0, 0x0, 0xef, 0xff, 0xb, 0xff, 0xf9, 0x0,
    0x0, 0x0, 0xa, 0xff, 0xf4, 0x3f, 0xff, 0xf3,
    0x0, 0x0, 0x0, 0x5f, 0xff, 0x80, 0xaf, 0xff,
    0xc0, 0x0, 0x0, 0x1, 0xff, 0xfc, 0x2, 0xff,
    0xff, 0x50,

    /* U+004C "L" */
    0xe, 0xff, 0xf0, 0x0, 0x0, 0x0, 0x0, 0x0,
    0x0, 0xaf, 0xff, 0x40, 0x0, 0x0, 0x0, 0x0,
    0x0, 0x6, 0xff, 0xf8, 0x0, 0x0, 0x0, 0x0,
    0x0, 0x0, 0x1f, 0xff, 0xd0, 0x0, 0x0, 0x0,
    0x0, 0x0, 0x0, 0xdf, 0xff, 0x10, 0x0, 0x0,
    0x0, 0x0, 0x0, 0x9, 0xff, 0xf5, 0x0, 0x0,
    0x0, 0x0, 0x0, 0x0, 0x5f, 0xff, 0x90, 0x0,
    0x0, 0x0, 0x0, 0x0, 0x0, 0xff, 0xfe, 0x0,
    0x0, 0x0, 0x0, 0x0, 0x0, 0xc, 0xff, 0xf2,
    0x0, 0x0, 0x0, 0x0, 0x0, 0x0, 0x8f, 0xff,
    0x60, 0x0, 0x0, 0x0, 0x0, 0x0, 0x3, 0xff,
    0xfa, 0x0, 0x0, 0x0, 0x0, 0x0, 0x0, 0xf,
    0xff, 0xe0, 0x0, 0x0, 0x0, 0x0, 0x0, 0x0,
    0xbf, 0xff, 0x30, 0x0, 0x0, 0x0, 0x0, 0x0,
    0x7, 0xff, 0xf7, 0x0, 0x0, 0x0, 0x0, 0x0,
    0x0, 0x2f, 0xff, 0xb0, 0x0, 0x0, 0x0, 0x0,
    0x0, 0x0, 0xef, 0xff, 0xaa, 0xaa, 0xaa, 0x70,
    0x0, 0x0, 0xa, 0xff, 0xff, 0xff, 0xff, 0xff,
    0x0, 0x0, 0x0, 0x5f, 0xff, 0xff, 0xff, 0xff,
    0xf4, 0x0, 0x0, 0x1, 0xff, 0xff, 0xff, 0xff,
    0xff, 0x80,

    /* U+004D "M" */
    0xe, 0xff, 0xf8, 0xb, 0xff, 0xfb, 0x0, 0x0,
    0x0, 0xaf, 0xff, 0xe0, 0x8f, 0xff, 0xf0, 0x0,
    0x0, 0x6, 0xff, 0xff, 0x46, 0xff, 0xff, 0x40,
    0x0, 0x0, 0x1f, 0xff, 0xfb, 0x3f, 0xff, 0xf8,
    0x0, 0x0, 0x0, 0xdf, 0xff, 0xf2, 0xff, 0xff,
    0xc0, 0x0, 0x0, 0x9, 0xff, 0xff, 0x7e, 0xff,
    0xff, 0x10, 0x0, 0x0, 0x5f, 0xff, 0xfe, 0xcf,
    0xff, 0xf5, 0x0, 0x0, 0x0, 0xff, 0xff, 0xfe,
    0xff, 0xff, 0x90, 0x0, 0x0, 0xc, 0xff, 0xef,
    0xff, 0xef, 0xfd, 0x0, 0x0, 0x0, 0x8f, 0xfe,
    0xdf, 0xfc, 0xff, 0xf1, 0x0, 0x0, 0x3, 0xff,
    0xf9, 0xff, 0xbe, 0xff, 0x60, 0x0, 0x0, 0xf,
    0xff, 0x8f, 0xfe, 0xaf, 0xfa, 0x0, 0x0, 0x0,
    0xbf, 0xfb, 0xaf, 0xf7, 0xff, 0xe0, 0x0, 0x0,
    0x7, 0xff, 0xf4, 0xff, 0x5f, 0xff, 0x30, 0x0,
    0x0, 0x2f, 0xff, 0x3d, 0xf5, 0xef, 0xf7, 0x0,
    0x0, 0x0, 0xef, 0xf7, 0x24, 0x1a, 0xff, 0xb0,
    0x0, 0x0, 0xa, 0xff, 0xb0, 0x0, 0x5f, 0xff,
    0x0, 0x0, 0x0, 0x5f, 0xff, 0x0, 0x1, 0xff,
    0xf4, 0x0, 0x0, 0x1, 0xff, 0xf4, 0x0, 0xd,
    0xff, 0x80,

    /* U+004E "N" */
    0xe, 0xff, 0xf2, 0x0, 0xff, 0xfb, 0x0, 0x0,
    0x0, 0xaf, 0xff, 0xb0, 0xb, 0xff, 0xf0, 0x0,
    0x0, 0x6, 0xff, 0xff, 0x40, 0x7f, 0xff, 0x40,
    0x0, 0x0, 0x1f, 0xff, 0xfd, 0x2, 0xff, 0xf8,
    0x0, 0x0, 0x0, 0xdf, 0xff, 0xf6, 0xe, 0xff,
    0xc0, 0x0, 0x0, 0x9, 0xff, 0xff, 0xe1, 0xaf,
    0xff, 0x10, 0x0, 0x0, 0x5f, 0xff, 0xff, 0x86,
    0xff, 0xf5, 0x0, 0x0, 0x0, 0xff, 0xff, 0xff,
    0x4f, 0xff, 0x90, 0x0, 0x0, 0xc, 0xff, 0xff,
    0xfb, 0xdf, 0xfd, 0x0, 0x0, 0x0, 0x8f, 0xff,
    0xdf, 0xfd, 0xff, 0xf1, 0x0, 0x0, 0x3, 0xff,
    0xf9, 0xff, 0xff, 0xff, 0x60, 0x0, 0x0, 0xf,
    0xff, 0xb8, 0xff, 0xff, 0xfa, 0x0, 0x0, 0x0,
    0xbf, 0xff, 0x1e, 0xff, 0xff, 0xe0, 0x0, 0x0,
    0x7, 0xff, 0xf4, 0x6f, 0xff, 0xff, 0x30, 0x0,
    0x0, 0x2f, 0xff, 0x80, 0xcf, 0xff, 0xf7, 0x0,
    0x0, 0x0, 0xef, 0xfc, 0x3, 0xff, 0xff, 0xb0,
    0x0, 0x0, 0xa, 0xff, 0xf1, 0xa, 0xff, 0xff,
    0x0, 0x0, 0x0, 0x5f, 0xff, 0x50, 0x2f, 0xff,
    0xf4, 0x0, 0x0, 0x1, 0xff, 0xf9, 0x0, 0x8f,
    0xff, 0x80,

    /* U+004F "O" */
    0x0, 0x5c, 0xfe, 0xb4, 0x0, 0x0, 0x0, 0x0,
    0x6f, 0xff, 0xff, 0xfa, 0x0, 0x0, 0x0, 0xe,
    0xff, 0xff, 0xff, 0xfc, 0x0, 0x0, 0x1, 0xff,
    0xff, 0xde, 0xff, 0xf9, 0x0, 0x0, 0x2f, 0xff,
    0xe0, 0x1d, 0xff, 0xf2, 0x0, 0x0, 0xff, 0xff,
    0x0, 0x6f, 0xff, 0x90, 0x0, 0xc, 0xff, 0xf3,
    0x1, 0xff, 0xfe, 0x0, 0x0, 0x7f, 0xff, 0x70,
    0xc, 0xff, 0xf3, 0x0, 0x3, 0xff, 0xfc, 0x0,
    0x8f, 0xff, 0x70, 0x0, 0xe, 0xff, 0xf1, 0x3,
    0xff, 0xfc, 0x0, 0x0, 0xaf, 0xff, 0x50, 0xe,
    0xff, 0xf0, 0x0, 0x6, 0xff, 0xfa, 0x0, 0xaf,
    0xff, 0x40, 0x0, 0x1f, 0xff, 0xe0, 0x6, 0xff,
    0xf9, 0x0, 0x0, 0xcf, 0xff, 0x30, 0x2f, 0xff,
    0xc0, 0x0, 0x5, 0xff, 0xfb, 0x1, 0xff, 0xff,
    0x0, 0x0, 0xc, 0xff, 0xfd, 0xdf, 0xff, 0xe0,
    0x0, 0x0, 0x1e, 0xff, 0xff, 0xff, 0xfb, 0x0,
    0x0, 0x0, 0x2c, 0xff, 0xff, 0xff, 0x30, 0x0,
    0x0, 0x0, 0x6, 0xce, 0xfb, 0x30, 0x0,

    /* U+0050 "P" */
    0xe, 0xff, 0xff, 0xfd, 0x92, 0x0, 0x0, 0x0,
    0xaf, 0xff, 0xff, 0xff, 0xf7, 0x0, 0x0, 0x6,
    0xff, 0xff, 0xff, 0xff, 0xf7, 0x0, 0x0, 0x1f,
    0xff, 0xf9, 0xcf, 0xff, 0xf2, 0x0, 0x0, 0xdf,
    0xff, 0x10, 0x8f, 0xff, 0xa0, 0x0, 0x9, 0xff,
    0xf5, 0x0, 0xff, 0xff, 0x0, 0x0, 0x5f, 0xff,
    0x90, 0xb, 0xff, 0xf4, 0x0, 0x0, 0xff, 0xfd,
    0x0, 0x9f, 0xff, 0x70, 0x0, 0xc, 0xff, 0xf1,
    0x1c, 0xff, 0xf9, 0x0, 0x0, 0x8f, 0xff, 0xff,
    0xff, 0xff, 0x80, 0x0, 0x3, 0xff, 0xff, 0xff,
    0xff, 0xf4, 0x0, 0x0, 0xf, 0xff, 0xff, 0xff,
    0xfa, 0x0, 0x0, 0x0, 0xbf, 0xff, 0xb9, 0x84,
    0x0, 0x0, 0x0, 0x7, 0xff, 0xf6, 0x0, 0x0,
    0x0, 0x0, 0x0, 0x2f, 0xff, 0xa0, 0x0, 0x0,
    0x0, 0x0, 0x0, 0xef, 0xff, 0x0, 0x0, 0x0,
    0x0, 0x0, 0xa, 0xff, 0xf3, 0x0, 0x0, 0x0,
    0x0, 0x0, 0x5f, 0xff, 0x80, 0x0, 0x0, 0x0,
    0x0, 0x1, 0xff, 0xfc, 0x0, 0x0, 0x0,

    /* U+0051 "Q" */
    0x0, 0x5c, 0xfe, 0xb4, 0x0, 0x0, 0x0, 0x0,
    0x5, 0xff, 0xff, 0xff, 0xa0, 0x0, 0x0, 0x0,
    0xe, 0xff, 0xff, 0xff, 0xfb, 0x0, 0x0, 0x0,
    0x1f, 0xff, 0xfd, 0xef, 0xff, 0x80, 0x0, 0x0,
    0x2f, 0xff, 0xe0, 0x1e, 0xff, 0xf2, 0x0, 0x0,
    0xf, 0xff, 0xf0, 0x6, 0xff, 0xf8, 0x0, 0x0,
    0xc, 0xff, 0xf3, 0x1, 0xff, 0xfd, 0x0, 0x0,
    0x8, 0xff, 0xf7, 0x0, 0xdf, 0xff, 0x20, 0x0,
    0x4, 0xff, 0xfb, 0x0, 0x8f, 0xff, 0x60, 0x0,
    0x0, 0xff, 0xff, 0x0, 0x4f, 0xff, 0xb0, 0x0,
    0x0, 0xbf, 0xff, 0x40, 0xf, 0xff, 0xf0, 0x0,
    0x0, 0x7f, 0xff, 0x90, 0xb, 0xff, 0xf3, 0x0,
    0x0, 0x2f, 0xff, 0xd0, 0x7, 0xff, 0xf6, 0x0,
    0x0, 0xd, 0xff, 0xf2, 0x3, 0xff, 0xf5, 0x0,
    0x0, 0x7, 0xff, 0xfa, 0x2, 0xff, 0x90, 0x0,
    0x0, 0x0, 0xdf, 0xff, 0xdd, 0xff, 0xbb, 0x40,
    0x0, 0x0, 0x3f, 0xff, 0xff, 0xff, 0xff, 0x90,
    0x0, 0x0, 0x4, 0xef, 0xff, 0xff, 0xff, 0xd0,
    0x0, 0x0, 0x0, 0x18, 0xdf, 0xff, 0xff, 0xf2,

    /* U+0052 "R" */
    0xe, 0xff, 0xff, 0xfd, 0x92, 0x0, 0x0, 0x0,
    0x0, 0xaf, 0xff, 0xff, 0xff, 0xf7, 0x0, 0x0,
    0x0, 0x6, 0xff, 0xff, 0xff, 0xff, 0xf7, 0x0,
    0x0, 0x0, 0x1f, 0xff, 0xfa, 0xdf, 0xff, 0xf1,
    0x0, 0x0, 0x0, 0xdf, 0xff, 0x10, 0xaf, 0xff,
    0x70, 0x0, 0x0, 0x9, 0xff, 0xf5, 0x3, 0xff,
    0xfc, 0x0, 0x0, 0x0, 0x5f, 0xff, 0x90, 0xf,
    0xff, 0xf0, 0x0, 0x0, 0x0, 0xff, 0xfd, 0x0,
    0xdf, 0xff, 0x20, 0x0, 0x0, 0xc, 0xff, 0xf5,
    0x8f, 0xff, 0xf1, 0x0, 0x0, 0x0, 0x8f, 0xff,
    0xff, 0xff, 0xf6, 0x0, 0x0, 0x0, 0x3, 0xff,
    0xff, 0xff, 0xf7, 0x10, 0x0, 0x0, 0x0, 0xf,
    0xff, 0xff, 0xff, 0xff, 0x80, 0x0, 0x0, 0x0,
    0xbf, 0xff, 0x21, 0x9f, 0xff, 0x80, 0x0, 0x0,
    0x7, 0xff, 0xf7, 0x0, 0xdf, 0xff, 0x10, 0x0,
    0x0, 0x2f, 0xff, 0xb0, 0x8, 0xff, 0xf6, 0x0,
    0x0, 0x0, 0xef, 0xff, 0x0, 0x4f, 0xff, 0xb0,
    0x0, 0x0, 0xa, 0xff, 0xf4, 0x0, 0xff, 0xff,
    0x0, 0x0, 0x0, 0x5f, 0xff, 0x80, 0xb, 0xff,
    0xf3, 0x0, 0x0, 0x1, 0xff, 0xfc, 0x0, 0x7f,
    0xff, 0x80,

    /* U+0053 "S" */
    0x2, 0xae, 0xfd, 0x92, 0x0, 0x0, 0x0, 0x1,
    0xef, 0xff, 0xff, 0xf7, 0x0, 0x0, 0x0, 0x7f,
    0xff, 0xff, 0xff, 0xf8, 0x0, 0x0, 0x9, 0xff,
    0xfd, 0x8e, 0xff, 0xf3, 0x0, 0x0, 0x7f, 0xff,
    0x50, 0x1e, 0xff, 0xc0, 0x0, 0x2, 0xff, 0xfa,
    0x0, 0x7b, 0xbb, 0x10, 0x0, 0xa, 0xff, 0xf9,
    0x0, 0x0, 0x0, 0x0, 0x0, 0x1e, 0xff, 0xfd,
    0x40, 0x0, 0x0, 0x0, 0x0, 0x2d, 0xff, 0xff,
    0xa1, 0x0, 0x0, 0x0, 0x0, 0x8, 0xff, 0xff,
    0xf6, 0x0, 0x0, 0x0, 0x0, 0x3, 0xcf, 0xff,
    0xf9, 0x0, 0x0, 0x0, 0x0, 0x0, 0x7f, 0xff,
    0xf8, 0x0, 0x0, 0x0, 0x0, 0x0, 0x3e, 0xff,
    0xf2, 0x0, 0x0, 0xff, 0xfb, 0x0, 0x4f, 0xff,
    0x80, 0x0, 0x9, 0xff, 0xf3, 0x0, 0xff, 0xfd,
    0x0, 0x0, 0x2f, 0xff, 0xf8, 0x9f, 0xff, 0xe0,
    0x0, 0x0, 0x6f, 0xff, 0xff, 0xff, 0xfc, 0x0,
    0x0, 0x0, 0x6f, 0xff, 0xff, 0xff, 0x50, 0x0,
    0x0, 0x0, 0x29, 0xdf, 0xfc, 0x40, 0x0,

    /* U+0054 "T" */
    0xdf, 0xff, 0xff, 0xff, 0xff, 0xc0, 0x8, 0xff,
    0xff, 0xff, 0xff, 0xff, 0x10, 0x4f, 0xff, 0xff,
    0xff, 0xff, 0xf5, 0x0, 0xaa, 0xad, 0xff, 0xfc,
    0xaa, 0x60, 0x0, 0x0, 0x5f, 0xff, 0x80, 0x0,
    0x0, 0x0, 0x1, 0xff, 0xfc, 0x0, 0x0, 0x0,
    0x0, 0xd, 0xff, 0xf1, 0x0, 0x0, 0x0, 0x0,
    0x9f, 0xff, 0x50, 0x0, 0x0, 0x0, 0x4, 0xff,
    0xf9, 0x0, 0x0, 0x0, 0x0, 0xf, 0xff, 0xd0,
    0x0, 0x0, 0x0, 0x0, 0xcf, 0xff, 0x10, 0x0,
    0x0, 0x0, 0x8, 0xff, 0xf6, 0x0, 0x0, 0x0,
    0x0, 0x3f, 0xff, 0xa0, 0x0, 0x0, 0x0, 0x0,
    0xff, 0xfe, 0x0, 0x0, 0x0, 0x0, 0xb, 0xff,
    0xf2, 0x0, 0x0, 0x0, 0x0, 0x7f, 0xff, 0x70,
    0x0, 0x0, 0x0, 0x2, 0xff, 0xfb, 0x0, 0x0,
    0x0, 0x0, 0xe, 0xff, 0xf0, 0x0, 0x0, 0x0,
    0x0, 0xaf, 0xff, 0x30,

    /* U+0055 "U" */
    0xf, 0xff, 0xe0, 0x4, 0xff, 0xfa, 0x0, 0x0,
    0xb, 0xff, 0xf3, 0x0, 0xff, 0xfe, 0x0, 0x0,
    0x7, 0xff, 0xf7, 0x0, 0xbf, 0xff, 0x20, 0x0,
    0x2, 0xff, 0xfb, 0x0, 0x7f, 0xff, 0x70, 0x0,
    0x0, 0xef, 0xff, 0x0, 0x2f, 0xff, 0xb0, 0x0,
    0x0, 0xaf, 0xff, 0x40, 0xe, 0xff, 0xf0, 0x0,
    0x0, 0x5f, 0xff, 0x90, 0xa, 0xff, 0xf4, 0x0,
    0x0, 0x1f, 0xff, 0xd0, 0x5, 0xff, 0xf8, 0x0,
    0x0, 0xc, 0xff, 0xf1, 0x1, 0xff, 0xfd, 0x0,
    0x0, 0x8, 0xff, 0xf6, 0x0, 0xdf, 0xff, 0x10,
    0x0, 0x4, 0xff, 0xfa, 0x0, 0x8f, 0xff, 0x50,
    0x0, 0x0, 0xff, 0xfe, 0x0, 0x4f, 0xff, 0xa0,
    0x0, 0x0, 0xbf, 0xff, 0x30, 0xf, 0xff, 0xe0,
    0x0, 0x0, 0x6f, 0xff, 0x80, 0xc, 0xff, 0xf2,
    0x0, 0x0, 0x1f, 0xff, 0xe1, 0xb, 0xff, 0xf5,
    0x0, 0x0, 0x8, 0xff, 0xfe, 0xcf, 0xff, 0xf5,
    0x0, 0x0, 0x0, 0xcf, 0xff, 0xff, 0xff, 0xf3,
    0x0, 0x0, 0x0, 0x1b, 0xff, 0xff, 0xff, 0xc0,
    0x0, 0x0, 0x0, 0x0, 0x5b, 0xef, 0xe9, 0x10,

    /* U+0056 "V" */
    0xcf, 0xff, 0x10, 0x3f, 0xff, 0xb0, 0x6, 0xff,
    0xf8, 0x1, 0xff, 0xfd, 0x0, 0xe, 0xff, 0xe0,
    0xf, 0xff, 0xe0, 0x0, 0x8f, 0xff, 0x40, 0xcf,
    0xff, 0x0, 0x2, 0xff, 0xfa, 0xa, 0xff, 0xf2,
    0x0, 0xb, 0xff, 0xf1, 0x8f, 0xff, 0x40, 0x0,
    0x4f, 0xff, 0x75, 0xff, 0xf6, 0x0, 0x0, 0xdf,
    0xfd, 0x3f, 0xff, 0x80, 0x0, 0x7, 0xff, 0xf4,
    0xff, 0xfa, 0x0, 0x0, 0x1f, 0xff, 0x9e, 0xff,
    0xc0, 0x0, 0x0, 0x9f, 0xff, 0xdf, 0xfe, 0x0,
    0x0, 0x3, 0xff, 0xff, 0xff, 0xf0, 0x0, 0x0,
    0xc, 0xff, 0xff, 0xff, 0x10, 0x0, 0x0, 0x5f,
    0xff, 0xff, 0xf3, 0x0, 0x0, 0x0, 0xef, 0xff,
    0xff, 0x50, 0x0, 0x0, 0x8, 0xff, 0xff, 0xf7,
    0x0, 0x0, 0x0, 0x1f, 0xff, 0xff, 0x90, 0x0,
    0x0, 0x0, 0xbf, 0xff, 0xfb, 0x0, 0x0, 0x0,
    0x4, 0xff, 0xff, 0xd0,

    /* U+0057 "W" */
    0x8f, 0xfa, 0x0, 0x1, 0xff, 0xf0, 0x0, 0x2,
    0xff, 0xf0, 0x0, 0xe, 0xff, 0x20, 0x0, 0xd,
    0xff, 0x40, 0x0, 0xbf, 0xf5, 0x0, 0x0, 0x7f,
    0xfa, 0x0, 0x9, 0xff, 0x80, 0x0, 0x1, 0xff,
    0xf2, 0x96, 0x6f, 0xfa, 0x0, 0x0, 0xb, 0xff,
    0x6f, 0xf4, 0xff, 0xd0, 0x0, 0x0, 0x5f, 0xfa,
    0xef, 0x6f, 0xff, 0x0, 0x0, 0x0, 0xff, 0xfb,
    0xfb, 0xdf, 0xf3, 0x0, 0x0, 0xa, 0xff, 0xdf,
    0xfc, 0xff, 0x50, 0x0, 0x0, 0x4f, 0xff, 0xff,
    0xff, 0xf8, 0x0, 0x0, 0x0, 0xef, 0xff, 0xff,
    0xff, 0xb0, 0x0, 0x0, 0x8, 0xff, 0xff, 0xff,
    0xfe, 0x0, 0x0, 0x0, 0x3f, 0xff, 0xef, 0xff,
    0xf1, 0x0, 0x0, 0x0, 0xdf, 0xff, 0xbf, 0xff,
    0x30, 0x0, 0x0, 0x7, 0xff, 0xf8, 0xff, 0xf6,
    0x0, 0x0, 0x0, 0x1f, 0xff, 0x6e, 0xff, 0x90,
    0x0, 0x0, 0x0, 0xcf, 0xf8, 0x9f, 0xfc, 0x0,
    0x0, 0x0, 0x6, 0xff, 0xb3, 0xff, 0xe0, 0x0,
    0x0, 0x0, 0xf, 0xfe, 0xe, 0xff, 0x10,

    /* U+0058 "X" */
    0xc, 0xff, 0xf4, 0x8, 0xff, 0xf8, 0x0, 0x0,
    0x0, 0x3f, 0xff, 0xc0, 0x9f, 0xff, 0x70, 0x0,
    0x0, 0x0, 0xaf, 0xff, 0x59, 0xff, 0xf6, 0x0,
    0x0, 0x0, 0x1, 0xff, 0xfd, 0xaf, 0xff, 0x50,
    0x0, 0x0, 0x0, 0x7, 0xff, 0xff, 0xff, 0xf4,
    0x0, 0x0, 0x0, 0x0, 0xd, 0xff, 0xff, 0xff,
    0x30, 0x0, 0x0, 0x0, 0x0, 0x4f, 0xff, 0xff,
    0xf3, 0x0, 0x0, 0x0, 0x0, 0x0, 0xbf, 0xff,
    0xff, 0x20, 0x0, 0x0, 0x0, 0x0, 0x2, 0xff,
    0xff, 0xf1, 0x0, 0x0, 0x0, 0x0, 0x0, 0x9,
    0xff, 0xff, 0x20, 0x0, 0x0, 0x0, 0x0, 0x0,
    0x9f, 0xff, 0xfa, 0x0, 0x0, 0x0, 0x0, 0x0,
    0xa, 0xff, 0xff, 0xf3, 0x0, 0x0, 0x0, 0x0,
    0x0, 0xaf, 0xff, 0xff, 0xc0, 0x0, 0x0, 0x0,
    0x0, 0xb, 0xff, 0xff, 0xff, 0x60, 0x0, 0x0,
    0x0, 0x0, 0xcf, 0xff, 0xff, 0xfe, 0x0, 0x0,
    0x0, 0x0, 0xd, 0xff, 0xf7, 0xff, 0xf8, 0x0,
    0x0, 0x0, 0x0, 0xef, 0xff, 0x1d, 0xff, 0xf2,
    0x0, 0x0, 0x0, 0xf, 0xff, 0xf1, 0x4f, 0xff,
    0xb0, 0x0, 0x0, 0x0, 0xff, 0xff, 0x10, 0xbf,
    0xff, 0x50,

    /* U+0059 "Y" */
    0xd, 0xff, 0xf2, 0x7, 0xff, 0xf7, 0x0, 0x4,
    0xff, 0xfa, 0x7, 0xff, 0xf6, 0x0, 0x0, 0xbf,
    0xff, 0x27, 0xff, 0xf6, 0x0, 0x0, 0x2f, 0xff,
    0xa7, 0xff, 0xf5, 0x0, 0x0, 0x9, 0xff, 0xfa,
    0xff, 0xf5, 0x0, 0x0, 0x1, 0xef, 0xff, 0xff,
    0xf4, 0x0, 0x0, 0x0, 0x7f, 0xff, 0xff, 0xf3,
    0x0, 0x0, 0x0, 0xd, 0xff, 0xff, 0xf3, 0x0,
    0x0, 0x0, 0x4, 0xff, 0xff, 0xf2, 0x0, 0x0,
    0x0, 0x0, 0xbf, 0xff, 0xf2, 0x0, 0x0, 0x0,
    0x0, 0x2f, 0xff, 0xf1, 0x0, 0x0, 0x0, 0x0,
    0xb, 0xff, 0xf2, 0x0, 0x0, 0x0, 0x0, 0x7,
    0xff, 0xf7, 0x0, 0x0, 0x0, 0x0, 0x2, 0xff,
    0xfb, 0x0, 0x0, 0x0, 0x0, 0x0, 0xef, 0xff,
    0x0, 0x0, 0x0, 0x0, 0x0, 0xaf, 0xff, 0x40,
    0x0, 0x0, 0x0, 0x0, 0x5f, 0xff, 0x80, 0x0,
    0x0, 0x0, 0x0, 0x1f, 0xff, 0xc0, 0x0, 0x0,
    0x0, 0x0, 0xd, 0xff, 0xf1,

    /* U+005A "Z" */
    0x6f, 0xff, 0xff, 0xff, 0xff, 0xf0, 0x0, 0x0,
    0x1f, 0xff, 0xff, 0xff, 0xff, 0xf3, 0x0, 0x0,
    0xd, 0xff, 0xff, 0xff, 0xff, 0xf8, 0x0, 0x0,
    0x6, 0xbb, 0xbb, 0xbf, 0xff, 0xf8, 0x0, 0x0,
    0x0, 0x0, 0x0, 0xf, 0xff, 0xf4, 0x0, 0x0,
    0x0, 0x0, 0x0, 0x2f, 0xff, 0xf1, 0x0, 0x0,
    0x0, 0x0, 0x0, 0x6f, 0xff, 0xd0, 0x0, 0x0,
    0x0, 0x0, 0x0, 0x9f, 0xff, 0xa0, 0x0, 0x0,
    0x0, 0x0, 0x0, 0xdf, 0xff, 0x60, 0x0, 0x0,
    0x0, 0x0, 0x1, 0xff, 0xff, 0x20, 0x0, 0x0,
    0x0, 0x0, 0x4, 0xff, 0xff, 0x0, 0x0, 0x0,
    0x0, 0x0, 0x8, 0xff, 0xfb, 0x0, 0x0, 0x0,
    0x0, 0x0, 0xb, 0xff, 0xf8, 0x0, 0x0, 0x0,
    0x0, 0x0, 0xf, 0xff, 0xf4, 0x0, 0x0, 0x0,
    0x0, 0x0, 0x2f, 0xff, 0xf1, 0x0, 0x0, 0x0,
    0x0, 0x0, 0x6f, 0xff, 0xfa, 0xaa, 0xaa, 0x60,
    0x0, 0x0, 0x6f, 0xff, 0xff, 0xff, 0xff, 0xe0,
    0x0, 0x0, 0x2f, 0xff, 0xff, 0xff, 0xff, 0xf2,
    0x0, 0x0, 0xd, 0xff, 0xff, 0xff, 0xff, 0xf7,

    /* U+005B "[" */
    0x7f, 0xff, 0xff, 0x50, 0x0, 0x0, 0x2, 0xff,
    0xff, 0xfa, 0x0, 0x0, 0x0, 0xe, 0xff, 0xff,
    0xe0, 0x0, 0x0, 0x0, 0xaf, 0xff, 0x95, 0x0,
    0x0, 0x0, 0x5, 0xff, 0xf9, 0x0, 0x0, 0x0,
    0x0, 0x1f, 0xff, 0xd0, 0x0, 0x0, 0x0, 0x0,
    0xdf, 0xff, 0x10, 0x0, 0x0, 0x0, 0x8, 0xff,
    0xf6, 0x0, 0x0, 0x0, 0x0, 0x4f, 0xff, 0xa0,
    0x0, 0x0, 0x0, 0x0, 0xff, 0xfe, 0x0, 0x0,
    0x0, 0x0, 0xb, 0xff, 0xf3, 0x0, 0x0, 0x0,
    0x0, 0x7f, 0xff, 0x70, 0x0, 0x0, 0x0, 0x2,
    0xff, 0xfb, 0x0, 0x0, 0x0, 0x0, 0xe, 0xff,
    0xf0, 0x0, 0x0, 0x0, 0x0, 0xaf, 0xff, 0x40,
    0x0, 0x0, 0x0, 0x5, 0xff, 0xf9, 0x0, 0x0,
    0x0, 0x0, 0x1f, 0xff, 0xd0, 0x0, 0x0, 0x0,
    0x0, 0xcf, 0xff, 0x10, 0x0, 0x0, 0x0, 0x8,
    0xff, 0xf6, 0x0, 0x0, 0x0, 0x0, 0x4f, 0xff,
    0xb5, 0x30, 0x0, 0x0, 0x0, 0xff, 0xff, 0xfd,
    0x0, 0x0, 0x0, 0xb, 0xff, 0xff, 0xf1, 0x0,
    0x0, 0x0, 0x6f, 0xff, 0xff, 0x60,

    /* U+005C "\\" */
    0x9f, 0xff, 0x20, 0x0, 0x0, 0x0, 0x0, 0x0,
    0xe, 0xff, 0xc0, 0x0, 0x0, 0x0, 0x0, 0x0,
    0x4, 0xff, 0xf6, 0x0, 0x0, 0x0, 0x0, 0x0,
    0x0, 0xaf, 0xff, 0x10, 0x0, 0x0, 0x0, 0x0,
    0x0, 0x1e, 0xff, 0xb0, 0x0, 0x0, 0x0, 0x0,
    0x0, 0x6, 0xff, 0xf5, 0x0, 0x0, 0x0, 0x0,
    0x0, 0x0, 0xbf, 0xfe, 0x10, 0x0, 0x0, 0x0,
    0x0, 0x0, 0x2f, 0xff, 0x90, 0x0, 0x0, 0x0,
    0x0, 0x0, 0x7, 0xff, 0xf4, 0x0, 0x0, 0x0,
    0x0, 0x0, 0x0, 0xdf, 0xfd, 0x0, 0x0, 0x0,
    0x0, 0x0, 0x0, 0x3f, 0xff, 0x80, 0x0, 0x0,
    0x0, 0x0, 0x0, 0x8, 0xff, 0xf2, 0x0, 0x0,
    0x0, 0x0, 0x0, 0x0, 0xef, 0xfc, 0x0, 0x0,
    0x0, 0x0, 0x0, 0x0, 0x4f, 0xff, 0x70, 0x0,
    0x0, 0x0, 0x0, 0x0, 0xa, 0xff, 0xf2, 0x0,
    0x0, 0x0, 0x0, 0x0, 0x1, 0xef, 0xfb, 0x0,
    0x0, 0x0, 0x0, 0x0, 0x0, 0x5f, 0xff, 0x50,
    0x0, 0x0, 0x0, 0x0, 0x0, 0xb, 0xff, 0xe1,
    0x0, 0x0, 0x0, 0x0, 0x0, 0x2, 0xff, 0xfa,

    /* U+005D "]" */
    0x3f, 0xff, 0xff, 0x90, 0x0, 0x0, 0x0, 0xef,
    0xff, 0xfe, 0x0, 0x0, 0x0, 0xa, 0xff, 0xff,
    0xf2, 0x0, 0x0, 0x0, 0x25, 0x9f, 0xff, 0x70,
    0x0, 0x0, 0x0, 0x3, 0xff, 0xfb, 0x0, 0x0,
    0x0, 0x0, 0xe, 0xff, 0xf0, 0x0, 0x0, 0x0,
    0x0, 0xaf, 0xff, 0x40, 0x0, 0x0, 0x0, 0x6,
    0xff, 0xf8, 0x0, 0x0, 0x0, 0x0, 0x1f, 0xff,
    0xc0, 0x0, 0x0, 0x0, 0x0, 0xdf, 0xff, 0x10,
    0x0, 0x0, 0x0, 0x9, 0xff, 0xf5, 0x0, 0x0,
    0x0, 0x0, 0x4f, 0xff, 0xa0, 0x0, 0x0, 0x0,
    0x0, 0xff, 0xfe, 0x0, 0x0, 0x0, 0x0, 0xb,
    0xff, 0xf2, 0x0, 0x0, 0x0, 0x0, 0x7f, 0xff,
    0x70, 0x0, 0x0, 0x0, 0x3, 0xff, 0xfb, 0x0,
    0x0, 0x0, 0x0, 0xe, 0xff, 0xf0, 0x0, 0x0,
    0x0, 0x0, 0xaf, 0xff, 0x40, 0x0, 0x0, 0x0,
    0x6, 0xff, 0xf8, 0x0, 0x0, 0x0, 0x5, 0x7f,
    0xff, 0xd0, 0x0, 0x0, 0x0, 0xbf, 0xff, 0xff,
    0x10, 0x0, 0x0, 0x7, 0xff, 0xff, 0xf5, 0x0,
    0x0, 0x0, 0x3f, 0xff, 0xff, 0xa0,

    /* U+005E "^" */
    0x0, 0x99, 0x98, 0x10, 0x0, 0x0, 0x0, 0x2,
    0xff, 0xff, 0xa0, 0x0, 0x0, 0x0, 0x4, 0xff,
    0xff, 0xf5, 0x0, 0x0, 0x0, 0x6, 0xff, 0xff,
    0xfe, 0x10, 0x0, 0x0, 0x8, 0xff, 0xff, 0xff,
    0xa0, 0x0, 0x0, 0xa, 0xff, 0xff, 0xff, 0xf5,
    0x0, 0x0, 0xc, 0xff, 0xf7, 0xff, 0xfe, 0x10,
    0x0, 0xe, 0xff, 0xf3, 0x6f, 0xff, 0xb0, 0x0,
    0xf, 0xff, 0xf2, 0xc, 0xff, 0xf6, 0x0, 0x2f,
    0xff, 0xf0, 0x2, 0xff, 0xff, 0x20, 0x4f, 0xff,
    0xf0, 0x0, 0x8f, 0xff, 0xb0,

    /* U+005F "_" */
    0x3a, 0xaa, 0xaa, 0xaa, 0xaa, 0xaa, 0xa0, 0x1f,
    0xff, 0xff, 0xff, 0xff, 0xff, 0xf4, 0xd, 0xff,
    0xff, 0xff, 0xff, 0xff, 0xf9, 0x9, 0xff, 0xff,
    0xff, 0xff, 0xff, 0xfd,

    /* U+0060 "`" */
    0x34, 0x44, 0x41, 0x0, 0x3, 0xff, 0xff, 0xc0,
    0x0, 0x3, 0xff, 0xff, 0x80, 0x0, 0x3, 0xff,
    0xff, 0x40, 0x0, 0x3, 0xff, 0xfe, 0x10,

    /* U+0061 "a" */
    0xf, 0xff, 0xff, 0x20, 0x0, 0x0, 0x0, 0x0,
    0x0, 0x0, 0xaf, 0xff, 0xfc, 0x0, 0x0, 0x0,
    0x0, 0x0, 0x0, 0x3, 0xff, 0xff, 0xf7, 0x0,
    0x0, 0x0, 0x0, 0x0, 0x0, 0xd, 0xff, 0xff,
    0xf2, 0x0, 0x0, 0x0, 0x0, 0x0, 0x0, 0x7f,
    0xff, 0xff, 0xc0, 0x0, 0x0, 0x0, 0x0, 0x0,
    0x1, 0xff, 0xff, 0xff, 0x80, 0x0, 0x0, 0x0,
    0x0, 0x0, 0xb, 0xff, 0x8e, 0xff, 0x30, 0x0,
    0x0, 0x0, 0x0, 0x0, 0x5f, 0xfe, 0x7f, 0xfd,
    0x0, 0x0, 0x0, 0x0, 0x0, 0x0, 0xef, 0xf7,
    0xdf, 0xf8, 0x0, 0x0, 0x0, 0x0, 0x0, 0x8,
    0xff, 0xe5, 0xff, 0xf3, 0x0, 0x0, 0x0, 0x0,
    0x0, 0x2f, 0xff, 0x6b, 0xff, 0xd0, 0x0, 0x0,
    0x0, 0x0, 0x0, 0xcf, 0xfc, 0x1f, 0xff, 0x90,
    0x0, 0x0, 0x0, 0x0, 0x6, 0xff, 0xf5, 0x9f,
    0xff, 0x40, 0x0, 0x0, 0x0, 0x0, 0xf, 0xff,
    0xff, 0xff, 0xfe, 0x10, 0x0, 0x0, 0x0, 0x0,
    0xaf, 0xff, 0xff, 0xff, 0xfa, 0x0, 0x0, 0x0,
    0x0, 0x3, 0xff, 0xff, 0xff, 0xff, 0xf5, 0x0,
    0x0, 0x0, 0x0, 0xd, 0xff, 0xf7, 0x7d, 0xff,
    0xe1, 0x0, 0x0, 0x0, 0x0, 0x7f, 0xff, 0x60,
    0x2f, 0xff, 0xb0, 0x0, 0x0, 0x0, 0x1, 0xff,
    0xfd, 0x0, 0x8f, 0xff, 0x60,

    /* U+0062 "b" */
    0xd, 0xff, 0xff, 0xfd, 0xa4, 0x0, 0x0, 0x0,
    0x0, 0x0, 0x0, 0x5f, 0xff, 0xff, 0xff, 0xfc,
    0x20, 0x0, 0x0, 0x0, 0x0, 0x0, 0xcf, 0xff,
    0xff, 0xff, 0xff, 0x30, 0x0, 0x0, 0x0, 0x0,
    0x4, 0xff, 0xff, 0x9c, 0xff, 0xfe, 0x20, 0x0,
    0x0, 0x0, 0x0, 0xb, 0xff, 0xf3, 0x5, 0xff,
    0xfb, 0x0, 0x0, 0x0, 0x0, 0x0, 0x3f, 0xff,
    0xb0, 0xa, 0xff, 0xf4, 0x0, 0x0, 0x0, 0x0,
    0x0, 0xaf, 0xff, 0x30, 0x3f, 0xff, 0xb0, 0x0,
    0x0, 0x0, 0x0, 0x2, 0xff, 0xfb, 0x3, 0xff,
    0xff, 0x0, 0x0, 0x0, 0x0, 0x0, 0x9, 0xff,
    0xff, 0xff, 0xff, 0xd0, 0x0, 0x0, 0x0, 0x0,
    0x0, 0x1f, 0xff, 0xff, 0xff, 0xc1, 0x0, 0x0,
    0x0, 0x0, 0x0, 0x0, 0x8f, 0xff, 0xff, 0xff,
    0xd7, 0x0, 0x0, 0x0, 0x0, 0x0, 0x0, 0xef,
    0xfe, 0x57, 0xef, 0xfe, 0x20, 0x0, 0x0, 0x0,
    0x0, 0x7, 0xff, 0xf6, 0x1, 0xdf, 0xfe, 0x10,
    0x0, 0x0, 0x0, 0x0, 0xe, 0xff, 0xe0, 0x4,
    0xff, 0xf9, 0x0, 0x0, 0x0, 0x0, 0x0, 0x6f,
    0xff, 0x70, 0xe, 0xff, 0xf2, 0x0, 0x0, 0x0,
    0x0, 0x0, 0xdf, 0xff, 0x9b, 0xff, 0xff, 0x90,
    0x0, 0x0, 0x0, 0x0, 0x4, 0xff, 0xff, 0xff,
    0xff, 0xfd, 0x0, 0x0, 0x0, 0x0, 0x0, 0xc,
    0xff, 0xff, 0xff, 0xff, 0xb0, 0x0, 0x0, 0x0,
    0x0, 0x0, 0x3f, 0xff, 0xff, 0xfe, 0x91, 0x0,

    /* U+0063 "c" */
    0x5, 0xdf, 0xea, 0x40, 0x0, 0x0, 0x0, 0x0,
    0x0, 0x3f, 0xff, 0xff, 0xfc, 0x20, 0x0, 0x0,
    0x0, 0x0, 0x6f, 0xff, 0xff, 0xff, 0xf4, 0x0,
    0x0, 0x0, 0x0, 0x5f, 0xff, 0xfc, 0xff, 0xff,
    0x50, 0x0, 0x0, 0x0, 0x1f, 0xff, 0xf0, 0x1d,
    0xff, 0xf3, 0x0, 0x0, 0x0, 0xa, 0xff, 0xf4,
    0x2, 0xff, 0xfd, 0x0, 0x0, 0x0, 0x2, 0xff,
    0xfd, 0x0, 0x8f, 0xff, 0x70, 0x0, 0x0, 0x0,
    0x9f, 0xff, 0x60, 0xd, 0xee, 0xd0, 0x0, 0x0,
    0x0, 0x1f, 0xff, 0xe0, 0x0, 0x0, 0x0, 0x0,
    0x0, 0x0, 0x7, 0xff, 0xf8, 0x0, 0x0, 0x0,
    0x0, 0x0, 0x0, 0x0, 0xef, 0xff, 0x20, 0x0,
    0x0, 0x0, 0x0, 0x0, 0x0, 0x5f, 0xff, 0xa0,
    0x9, 0xee, 0xe4, 0x0, 0x0, 0x0, 0xc, 0xff,
    0xf3, 0x2, 0xff, 0xfd, 0x0, 0x0, 0x0, 0x3,
    0xff, 0xfd, 0x0, 0x9f, 0xff, 0x50, 0x0, 0x0,
    0x0, 0x7f, 0xff, 0x90, 0x4f, 0xff, 0xc0, 0x0,
    0x0, 0x0, 0xa, 0xff, 0xfe, 0xdf, 0xff, 0xf0,
    0x0, 0x0, 0x0, 0x0, 0x9f, 0xff, 0xff, 0xff,
    0xf1, 0x0, 0x0, 0x0, 0x0, 0x5, 0xef, 0xff,
    0xff, 0xd0, 0x0, 0x0, 0x0, 0x0, 0x0, 0x6,
    0xce, 0xfb, 0x20,

    /* U+0064 "d" */
    0xd, 0xff, 0xff, 0xfe, 0xb5, 0x0, 0x0, 0x0,
    0x0, 0x0, 0x5, 0xff, 0xff, 0xff, 0xff, 0xc2,
    0x0, 0x0, 0x0, 0x0, 0x0, 0xcf, 0xff, 0xff,
    0xff, 0xfe, 0x30, 0x0, 0x0, 0x0, 0x0, 0x4f,
    0xff, 0xfa, 0xbf, 0xff, 0xf2, 0x0, 0x0, 0x0,
    0x0, 0xb, 0xff, 0xf2, 0x4, 0xff, 0xfd, 0x0,
    0x0, 0x0, 0x0, 0x3, 0xff, 0xfb, 0x0, 0x8f,
    0xff, 0x80, 0x0, 0x0, 0x0, 0x0, 0xaf, 0xff,
    0x30, 0xe, 0xff, 0xf1, 0x0, 0x0, 0x0, 0x0,
    0x2f, 0xff, 0xc0, 0x6, 0xff, 0xf9, 0x0, 0x0,
    0x0, 0x0, 0x9, 0xff, 0xf4, 0x0, 0xdf, 0xff,
    0x20, 0x0, 0x0, 0x0, 0x1, 0xff, 0xfc, 0x0,
    0x5f, 0xff, 0xa0, 0x0, 0x0, 0x0, 0x0, 0x8f,
    0xff, 0x50, 0xd, 0xff, 0xf2, 0x0, 0x0, 0x0,
    0x0, 0xe, 0xff, 0xd0, 0x4, 0xff, 0xfb, 0x0,
    0x0, 0x0, 0x0, 0x7, 0xff, 0xf6, 0x0, 0xcf,
    0xff, 0x30, 0x0, 0x0, 0x0, 0x0, 0xef, 0xfe,
    0x0, 0x4f, 0xff, 0xb0, 0x0, 0x0, 0x0, 0x0,
    0x6f, 0xff, 0x70, 0xf, 0xff, 0xf2, 0x0, 0x0,
    0x0, 0x0, 0xd, 0xff, 0xea, 0xbf, 0xff, 0xf7,
    0x0, 0x0, 0x0, 0x0, 0x4, 0xff, 0xff, 0xff,
    0xff, 0xf9, 0x0, 0x0, 0x0, 0x0, 0x0, 0xcf,
    0xff, 0xff, 0xff, 0xf7, 0x0, 0x0, 0x0, 0x0,
    0x0, 0x3f, 0xff, 0xff, 0xff, 0xa0,

    /* U+0065 "e" */
    0xd, 0xff, 0xff, 0xff, 0xff, 0xfc, 0x0, 0x0,
    0x0, 0x0, 0x0, 0x5, 0xff, 0xff, 0xff, 0xff,
    0xff, 0x50, 0x0, 0x0, 0x0, 0x0, 0x0, 0xcf,
    0xff, 0xff, 0xff, 0xff, 0xd0, 0x0, 0x0, 0x0,
    0x0, 0x0, 0x4f, 0xff, 0xfa, 0xaa, 0xaa, 0xa3,
    0x0, 0x0, 0x0, 0x0, 0x0, 0xb, 0xff, 0xf3,
    0x0, 0x0, 0x0, 0x0, 0x0, 0x0, 0x0, 0x0,
    0x3, 0xff, 0xfa, 0x0, 0x0, 0x0, 0x0, 0x0,
    0x0, 0x0, 0x0, 0x0, 0xaf, 0xff, 0x20, 0x0,
    0x0, 0x0, 0x0, 0x0, 0x0, 0x0, 0x0, 0x2f,
    0xff, 0x90, 0x0, 0x0, 0x0, 0x0, 0x0, 0x0,
    0x0, 0x0, 0x9, 0xff, 0xff, 0xff, 0xff, 0x30,
    0x0, 0x0, 0x0, 0x0, 0x0, 0x1, 0xff, 0xff,
    0xff, 0xff, 0xb0, 0x0, 0x0, 0x0, 0x0, 0x0,
    0x0, 0x8f, 0xff, 0xff, 0xff, 0xf4, 0x0, 0x0,
    0x0, 0x0, 0x0, 0x0, 0xe, 0xff, 0xfb, 0xbb,
    0xb8, 0x0, 0x0, 0x0, 0x0, 0x0, 0x0, 0x7,
    0xff, 0xf5, 0x0, 0x0, 0x0, 0x0, 0x0, 0x0,
    0x0, 0x0, 0x0, 0xef, 0xfd, 0x0, 0x0, 0x0,
    0x0, 0x0, 0x0, 0x0, 0x0, 0x0, 0x6f, 0xff,
    0x70, 0x0, 0x0, 0x0, 0x0, 0x0, 0x0, 0x0,
    0x0, 0xd, 0xff, 0xfa, 0xaa, 0xaa, 0xa8, 0x0,
    0x0, 0x0, 0x0, 0x0, 0x4, 0xff, 0xff, 0xff,
    0xff, 0xff, 0x40, 0x0, 0x0, 0x0, 0x0, 0x0,
    0xcf, 0xff, 0xff, 0xff, 0xff, 0xd0, 0x0, 0x0,
    0x0, 0x0, 0x0, 0x3f, 0xff, 0xff, 0xff, 0xff,
    0xf6,

    /* U+0066 "f" */
    0xd, 0xff, 0xff, 0xff, 0xff, 0xfc, 0x0, 0x0,
    0x0, 0x5f, 0xff, 0xff, 0xff, 0xff, 0xf5, 0x0,
    0x0, 0x0, 0xcf, 0xff, 0xff, 0xff, 0xff, 0xd0,
    0x0, 0x0, 0x4, 0xff, 0xff, 0xaa, 0xaa, 0xaa,
    0x30, 0x0, 0x0, 0xb, 0xff, 0xf3, 0x0, 0x0,
    0x0, 0x0, 0x0, 0x0, 0x3f, 0xff, 0xc0, 0x0,
    0x0, 0x0, 0x0, 0x0, 0x0, 0xaf, 0xff, 0x40,
    0x0, 0x0, 0x0, 0x0, 0x0, 0x2, 0xff, 0xfc,
    0x0, 0x0, 0x0, 0x0, 0x0, 0x0, 0x9, 0xff,
    0xff, 0xff, 0xff, 0x50, 0x0, 0x0, 0x0, 0x1f,
    0xff, 0xff, 0xff, 0xfd, 0x0, 0x0, 0x0, 0x0,
    0x8f, 0xff, 0xff, 0xff, 0xf6, 0x0, 0x0, 0x0,
    0x0, 0xef, 0xff, 0xbb, 0xbb, 0x90, 0x0, 0x0,
    0x0, 0x7, 0xff, 0xf7, 0x0, 0x0, 0x0, 0x0,
    0x0, 0x0, 0xe, 0xff, 0xe1, 0x0, 0x0, 0x0,
    0x0, 0x0, 0x0, 0x6f, 0xff, 0x80, 0x0, 0x0,
    0x0, 0x0, 0x0, 0x0, 0xdf, 0xff, 0x10, 0x0,
    0x0, 0x0, 0x0, 0x0, 0x4, 0xff, 0xf9, 0x0,
    0x0, 0x0, 0x0, 0x0, 0x0, 0xc, 0xff, 0xf2,
    0x0, 0x0, 0x0, 0x0, 0x0, 0x0, 0x3f, 0xff,
    0xb0, 0x0,

    /* U+0067 "g" */
    0x5, 0xdf, 0xea, 0x40, 0x0, 0x0, 0x0, 0x0,
    0x0, 0x0, 0x2f, 0xff, 0xff, 0xfc, 0x30, 0x0,
    0x0, 0x0, 0x0, 0x0, 0x6f, 0xff, 0xff, 0xff,
    0xf6, 0x0, 0x0, 0x0, 0x0, 0x0, 0x4f, 0xff,
    0xfa, 0xef, 0xff, 0x60, 0x0, 0x0, 0x0, 0x0,
    0x1f, 0xff, 0xe0, 0xc, 0xff, 0xf4, 0x0, 0x0,
    0x0, 0x0, 0x9, 0xff, 0xf4, 0x1, 0xef, 0xfe,
    0x10, 0x0, 0x0, 0x0, 0x2, 0xff, 0xfd, 0x0,
    0x6f, 0xff, 0x90, 0x0, 0x0, 0x0, 0x0, 0x9f,
    0xff, 0x60, 0x5, 0x55, 0x40, 0x0, 0x0, 0x0,
    0x0, 0x1e, 0xff, 0xe0, 0x34, 0x44, 0x44, 0x0,
    0x0, 0x0, 0x0, 0x7, 0xff, 0xf8, 0x4f, 0xff,
    0xff, 0x40, 0x0, 0x0, 0x0, 0x0, 0xdf, 0xff,
    0x1c, 0xff, 0xff, 0xc0, 0x0, 0x0, 0x0, 0x0,
    0x5f, 0xff, 0xa3, 0xff, 0xff, 0xf5, 0x0, 0x0,
    0x0, 0x0, 0xc, 0xff, 0xf3, 0x1, 0xff, 0xfd,
    0x0, 0x0, 0x0, 0x0, 0x3, 0xff, 0xfc, 0x0,
    0x8f, 0xff, 0x60, 0x0, 0x0, 0x0, 0x0, 0x8f,
    0xff, 0x80, 0x2f, 0xff, 0xe0, 0x0, 0x0, 0x0,
    0x0, 0xc, 0xff, 0xfc, 0xcf, 0xff, 0xf6, 0x0,
    0x0, 0x0, 0x0, 0x1, 0xdf, 0xff, 0xff, 0xff,
    0xfe, 0x0, 0x0, 0x0, 0x0, 0x0, 0x1b, 0xff,
    0xff, 0xd7, 0xff, 0x70, 0x0, 0x0, 0x0, 0x0,
    0x0, 0x5b, 0xef, 0x81, 0xff, 0xe1,

    /* U+0068 "h" */
    0xd, 0xff, 0xf1, 0x2, 0xff, 0xfc, 0x0, 0x0,
    0x0, 0x0, 0x0, 0x5, 0xff, 0xf9, 0x0, 0xaf,
    0xff, 0x50, 0x0, 0x0, 0x0, 0x0, 0x0, 0xcf,
    0xff, 0x10, 0x2f, 0xff, 0xd0, 0x0, 0x0, 0x0,
    0x0, 0x0, 0x4f, 0xff, 0x90, 0x9, 0xff, 0xf6,
    0x0, 0x0, 0x0, 0x0, 0x0, 0xb, 0xff, 0xf2,
    0x1, 0xff, 0xfe, 0x0, 0x0, 0x0, 0x0, 0x0,
    0x3, 0xff, 0xfa, 0x0, 0x8f, 0xff, 0x70, 0x0,
    0x0, 0x0, 0x0, 0x0, 0xaf, 0xff, 0x30, 0x1f,
    0xff, 0xe0, 0x0, 0x0, 0x0, 0x0, 0x0, 0x2f,
    0xff, 0xda, 0xae, 0xff, 0xf8, 0x0, 0x0, 0x0,
    0x0, 0x0, 0x9, 0xff, 0xff, 0xff, 0xff, 0xff,
    0x10, 0x0, 0x0, 0x0, 0x0, 0x1, 0xff, 0xff,
    0xff, 0xff, 0xff, 0x90, 0x0, 0x0, 0x0, 0x0,
    0x0, 0x8f, 0xff, 0xff, 0xff, 0xff, 0xf2, 0x0,
    0x0, 0x0, 0x0, 0x0, 0xe, 0xff, 0xd0, 0x5,
    0xff, 0xfa, 0x0, 0x0, 0x0, 0x0, 0x0, 0x7,
    0xff, 0xf6, 0x0, 0xcf, 0xff, 0x30, 0x0, 0x0,
    0x0, 0x0, 0x0, 0xef, 0xfe, 0x0, 0x3f, 0xff,
    0xb0, 0x0, 0x0, 0x0, 0x0, 0x0, 0x6f, 0xff,
    0x80, 0xb, 0xff, 0xf4, 0x0, 0x0, 0x0, 0x0,
    0x0, 0xd, 0xff, 0xf1, 0x2, 0xff, 0xfc, 0x0,
    0x0, 0x0, 0x0, 0x0, 0x4, 0xff, 0xf9, 0x0,
    0xaf, 0xff, 0x50, 0x0, 0x0, 0x0, 0x0, 0x0,
    0xcf, 0xff, 0x20, 0x1f, 0xff, 0xd0, 0x0, 0x0,
    0x0, 0x0, 0x0, 0x3f, 0xff, 0xa0, 0x8, 0xff,
    0xf6,

    /* U+0069 "i" */
    0x7f, 0xff, 0xff, 0xff, 0xff, 0xf2, 0x0, 0x0,
    0x0, 0x0, 0x0, 0xe, 0xff, 0xff, 0xff, 0xff,
    0xfb, 0x0, 0x0, 0x0, 0x0, 0x0, 0x6, 0xff,
    0xff, 0xff, 0xff, 0xff, 0x40, 0x0, 0x0, 0x0,
    0x0, 0x0, 0x9a, 0xac, 0xff, 0xfe, 0xaa, 0x70,
    0x0, 0x0, 0x0, 0x0, 0x0, 0x0, 0x0, 0xef,
    0xfe, 0x0, 0x0, 0x0, 0x0, 0x0, 0x0, 0x0,
    0x0, 0x0, 0x6f, 0xff, 0x80, 0x0, 0x0, 0x0,
    0x0, 0x0, 0x0, 0x0, 0x0, 0xd, 0xff, 0xf1,
    0x0, 0x0, 0x0, 0x0, 0x0, 0x0, 0x0, 0x0,
    0x5, 0xff, 0xf9, 0x0, 0x0, 0x0, 0x0, 0x0,
    0x0, 0x0, 0x0, 0x0, 0xdf, 0xff, 0x10, 0x0,
    0x0, 0x0, 0x0, 0x0, 0x0, 0x0, 0x0, 0x4f,
    0xff, 0x90, 0x0, 0x0, 0x0, 0x0, 0x0, 0x0,
    0x0, 0x0, 0xc, 0xff, 0xf2, 0x0, 0x0, 0x0,
    0x0, 0x0, 0x0, 0x0, 0x0, 0x3, 0xff, 0xfa,
    0x0, 0x0, 0x0, 0x0, 0x0, 0x0, 0x0, 0x0,
    0x0, 0xbf, 0xff, 0x30, 0x0, 0x0, 0x0, 0x0,
    0x0, 0x0, 0x0, 0x0, 0x3f, 0xff, 0xb0, 0x0,
    0x0, 0x0, 0x0, 0x0, 0x0, 0x0, 0x0, 0xa,
    0xff, 0xf4, 0x0, 0x0, 0x0, 0x0, 0x0, 0x0,
    0x0, 0x4a, 0xac, 0xff, 0xfd, 0xaa, 0xa2, 0x0,
    0x0, 0x0, 0x0, 0x0, 0xe, 0xff, 0xff, 0xff,
    0xff, 0xfa, 0x0, 0x0, 0x0, 0x0, 0x0, 0x6,
    0xff, 0xff, 0xff, 0xff, 0xff, 0x30, 0x0, 0x0,
    0x0, 0x0, 0x0, 0xdf, 0xff, 0xff, 0xff, 0xff,
    0xc0,

    /* U+006A "j" */
    0xbf, 0xff, 0xff, 0xff, 0xfd, 0x0, 0x0, 0x0,
    0x0, 0x2, 0xff, 0xff, 0xff, 0xff, 0xf6, 0x0,
    0x0, 0x0, 0x0, 0x9, 0xff, 0xff, 0xff, 0xff,
    0xe0, 0x0, 0x0, 0x0, 0x0, 0x1a, 0xaa, 0xaa,
    0xbf, 0xff, 0x80, 0x0, 0x0, 0x0, 0x0, 0x0,
    0x0, 0x0, 0xdf, 0xff, 0x10, 0x0, 0x0, 0x0,
    0x0, 0x0, 0x0, 0x5, 0xff, 0xf9, 0x0, 0x0,
    0x0, 0x0, 0x0, 0x0, 0x0, 0xc, 0xff, 0xf2,
    0x0, 0x0, 0x0, 0x0, 0x0, 0x0, 0x0, 0x3f,
    0xff, 0xb0, 0x0, 0x0, 0x0, 0x0, 0x0, 0x0,
    0x0, 0xaf, 0xff, 0x30, 0x0, 0x0, 0x0, 0x0,
    0x0, 0x0, 0x2, 0xff, 0xfc, 0x0, 0x0, 0x0,
    0x0, 0x0, 0x0, 0x0, 0x9, 0xff, 0xf5, 0x0,
    0x0, 0x0, 0x0, 0x35, 0x55, 0x10, 0x1f, 0xff,
    0xd0, 0x0, 0x0, 0x0, 0x3, 0xff, 0xfb, 0x0,
    0x7f, 0xff, 0x60, 0x0, 0x0, 0x0, 0xa, 0xff,
    0xf4, 0x0, 0xef, 0xfe, 0x0, 0x0, 0x0, 0x0,
    0x1e, 0xff, 0xe2, 0xa, 0xff, 0xf5, 0x0, 0x0,
    0x0, 0x0, 0x3f, 0xff, 0xfc, 0xff, 0xff, 0xa0,
    0x0, 0x0, 0x0, 0x0, 0x4f, 0xff, 0xff, 0xff,
    0xfc, 0x0, 0x0, 0x0, 0x0, 0x0, 0x2c, 0xff,
    0xff, 0xff, 0xa0, 0x0, 0x0, 0x0, 0x0, 0x0,
    0x5, 0xae, 0xfe, 0xa1, 0x0,

    /* U+006B "k" */
    0xd, 0xff, 0xf1, 0xf, 0xff, 0xf4, 0x0, 0x0,
    0x0, 0x0, 0x0, 0x5, 0xff, 0xf9, 0xd, 0xff,
    0xf4, 0x0, 0x0, 0x0, 0x0, 0x0, 0x0, 0xcf,
    0xff, 0x2c, 0xff, 0xf5, 0x0, 0x0, 0x0, 0x0,
    0x0, 0x0, 0x4f, 0xff, 0xab, 0xff, 0xf5, 0x0,
    0x0, 0x0, 0x0, 0x0, 0x0, 0xb, 0xff, 0xfc,
    0xff, 0xf6, 0x0, 0x0, 0x0, 0x0, 0x0, 0x0,
    0x3, 0xff, 0xff, 0xff, 0xf7, 0x0, 0x0, 0x0,
    0x0, 0x0, 0x0, 0x0, 0xaf, 0xff, 0xff, 0xf7,
    0x0, 0x0, 0x0, 0x0, 0x0, 0x0, 0x0, 0x2f,
    0xff, 0xff, 0xfd, 0x0, 0x0, 0x0, 0x0, 0x0,
    0x0, 0x0, 0x9, 0xff, 0xff, 0xff, 0xb0, 0x0,
    0x0, 0x0, 0x0, 0x0, 0x0, 0x1, 0xff, 0xff,
    0xff, 0xf9, 0x0, 0x0, 0x0, 0x0, 0x0, 0x0,
    0x0, 0x8f, 0xff, 0xff, 0xff, 0x60, 0x0, 0x0,
    0x0, 0x0, 0x0, 0x0, 0xe, 0xff, 0xff, 0xff,
    0xf4, 0x0, 0x0, 0x0, 0x0, 0x0, 0x0, 0x7,
    0xff, 0xfa, 0xef, 0xff, 0x20, 0x0, 0x0, 0x0,
    0x0, 0x0, 0x0, 0xef, 0xfe, 0x4f, 0xff, 0xe1,
    0x0, 0x0, 0x0, 0x0, 0x0, 0x0, 0x6f, 0xff,
    0x87, 0xff, 0xfc, 0x0, 0x0, 0x0, 0x0, 0x0,
    0x0, 0xd, 0xff, 0xf1, 0xaf, 0xff, 0xa0, 0x0,
    0x0, 0x0, 0x0, 0x0, 0x4, 0xff, 0xf9, 0xd,
    0xff, 0xf8, 0x0, 0x0, 0x0, 0x0, 0x0, 0x0,
    0xcf, 0xff, 0x22, 0xef, 0xff, 0x60, 0x0, 0x0,
    0x0, 0x0, 0x0, 0x3f, 0xff, 0xa0, 0x4f, 0xff,
    0xf4,

    /* U+006C "l" */
    0xd, 0xff, 0xf1, 0x0, 0x0, 0x0, 0x0, 0x0,
    0x0, 0x0, 0x0, 0x5, 0xff, 0xf9, 0x0, 0x0,
    0x0, 0x0, 0x0, 0x0, 0x0, 0x0, 0x0, 0xcf,
    0xff, 0x20, 0x0, 0x0, 0x0, 0x0, 0x0, 0x0,
    0x0, 0x0, 0x4f, 0xff, 0xa0, 0x0, 0x0, 0x0,
    0x0, 0x0, 0x0, 0x0, 0x0, 0xb, 0xff, 0xf3,
    0x0, 0x0, 0x0, 0x0, 0x0, 0x0, 0x0, 0x0,
    0x3, 0xff, 0xfb, 0x0, 0x0, 0x0, 0x0, 0x0,
    0x0, 0x0, 0x0, 0x0, 0xaf, 0xff, 0x40, 0x0,
    0x0, 0x0, 0x0, 0x0, 0x0, 0x0, 0x0, 0x2f,
    0xff, 0xc0, 0x0, 0x0, 0x0, 0x0, 0x0, 0x0,
    0x0, 0x0, 0x9, 0xff, 0xf5, 0x0, 0x0, 0x0,
    0x0, 0x0, 0x0, 0x0, 0x0, 0x1, 0xff, 0xfd,
    0x0, 0x0, 0x0, 0x0, 0x0, 0x0, 0x0, 0x0,
    0x0, 0x8f, 0xff, 0x60, 0x0, 0x0, 0x0, 0x0,
    0x0, 0x0, 0x0, 0x0, 0xe, 0xff, 0xe0, 0x0,
    0x0, 0x0, 0x0, 0x0, 0x0, 0x0, 0x0, 0x7,
    0xff, 0xf7, 0x0, 0x0, 0x0, 0x0, 0x0, 0x0,
    0x0, 0x0, 0x0, 0xef, 0xfe, 0x0, 0x0, 0x0,
    0x0, 0x0, 0x0, 0x0, 0x0, 0x0, 0x6f, 0xff,
    0x80, 0x0, 0x0, 0x0, 0x0, 0x0, 0x0, 0x0,
    0x0, 0xd, 0xff, 0xfa, 0xaa, 0xaa, 0xa8, 0x0,
    0x0, 0x0, 0x0, 0x0, 0x4, 0xff, 0xff, 0xff,
    0xff, 0xff, 0x40, 0x0, 0x0, 0x0, 0x0, 0x0,
    0xcf, 0xff, 0xff, 0xff, 0xff, 0xd0, 0x0, 0x0,
    0x0, 0x0, 0x0, 0x3f, 0xff, 0xff, 0xff, 0xff,
    0xf6,

    /* U+006D "m" */
    0xd, 0xff, 0xf9, 0x9, 0xff, 0xfc, 0x0, 0x0,
    0x0, 0x0, 0x0, 0x5, 0xff, 0xff, 0x33, 0xff,
    0xff, 0x50, 0x0, 0x0, 0x0, 0x0, 0x0, 0xcf,
    0xff, 0xd0, 0xcf, 0xff, 0xd0, 0x0, 0x0, 0x0,
    0x0, 0x0, 0x4f, 0xff, 0xf8, 0x5f, 0xff, 0xf6,
    0x0, 0x0, 0x0, 0x0, 0x0, 0xb, 0xff, 0xff,
    0x3e, 0xff, 0xfe, 0x0, 0x0, 0x0, 0x0, 0x0,
    0x3, 0xff, 0xff, 0xd8, 0xff, 0xff, 0x70, 0x0,
    0x0, 0x0, 0x0, 0x0, 0xaf, 0xff, 0xfa, 0xff,
    0xff, 0xe0, 0x0, 0x0, 0x0, 0x0, 0x0, 0x2f,
    0xff, 0xff, 0xef, 0xff, 0xf8, 0x0, 0x0, 0x0,
    0x0, 0x0, 0x9, 0xff, 0xff, 0xff, 0xef, 0xff,
    0x10, 0x0, 0x0, 0x0, 0x0, 0x1, 0xff, 0xfc,
    0xff, 0xfd, 0xff, 0x90, 0x0, 0x0, 0x0, 0x0,
    0x0, 0x8f, 0xfd, 0xdf, 0xfa, 0xff, 0xf2, 0x0,
    0x0, 0x0, 0x0, 0x0, 0xe, 0xff, 0x9f, 0xfd,
    0xbf, 0xfa, 0x0, 0x0, 0x0, 0x0, 0x0, 0x7,
    0xff, 0xe8, 0xff, 0x6f, 0xff, 0x30, 0x0, 0x0,
    0x0, 0x0, 0x0, 0xef, 0xf7, 0xdf, 0xaa, 0xff,
    0xb0, 0x0, 0x0, 0x0, 0x0, 0x0, 0x6f, 0xfe,
    0x4f, 0xf3, 0xff, 0xf4, 0x0, 0x0, 0x0, 0x0,
    0x0, 0xd, 0xff, 0x86, 0x93, 0x9f, 0xfc, 0x0,
    0x0, 0x0, 0x0, 0x0, 0x4, 0xff, 0xf1, 0x0,
    0x1f, 0xff, 0x50, 0x0, 0x0, 0x0, 0x0, 0x0,
    0xcf, 0xf9, 0x0, 0x8, 0xff, 0xd0, 0x0, 0x0,
    0x0, 0x0, 0x0, 0x3f, 0xff, 0x20, 0x0, 0xef,
    0xf6,

    /* U+006E "n" */
    0xd, 0xff, 0xf3, 0x0, 0xef, 0xfc, 0x0, 0x0,
    0x0, 0x0, 0x0, 0x5, 0xff, 0xfe, 0x10, 0x6f,
    0xff, 0x50, 0x0, 0x0, 0x0, 0x0, 0x0, 0xcf,
    0xff, 0xd0, 0xd, 0xff, 0xd0, 0x0, 0x0, 0x0,
    0x0, 0x0, 0x4f, 0xff, 0xfb, 0x5, 0xff, 0xf6,
    0x0, 0x0, 0x0, 0x0, 0x0, 0xb, 0xff, 0xff,
    0x80, 0xcf, 0xfe, 0x0, 0x0, 0x0, 0x0, 0x0,
    0x3, 0xff, 0xff, 0xf6, 0x4f, 0xff, 0x70, 0x0,
    0x0, 0x0, 0x0, 0x0, 0xaf, 0xff, 0xff, 0x3b,
    0xff, 0xe0, 0x0, 0x0, 0x0, 0x0, 0x0, 0x2f,
    0xff, 0xff, 0xe5, 0xff, 0xf8, 0x0, 0x0, 0x0,
    0x0, 0x0, 0x9, 0xff, 0xff, 0xfd, 0xbf, 0xff,
    0x10, 0x0, 0x0, 0x0, 0x0, 0x1, 0xff, 0xfd,
    0xff, 0xdf, 0xff, 0x90, 0x0, 0x0, 0x0, 0x0,
    0x0, 0x8f, 0xff, 0x8f, 0xff, 0xff, 0xf2, 0x0,
    0x0, 0x0, 0x0, 0x0, 0xe, 0xff, 0xb8, 0xff,
    0xff, 0xfa, 0x0, 0x0, 0x0, 0x0, 0x0, 0x7,
    0xff, 0xf4, 0xaf, 0xff, 0xff, 0x30, 0x0, 0x0,
    0x0, 0x0, 0x0, 0xef, 0xfc, 0xc, 0xff, 0xff,
    0xb0, 0x0, 0x0, 0x0, 0x0, 0x0, 0x6f, 0xff,
    0x51, 0xef, 0xff, 0xf4, 0x0, 0x0, 0x0, 0x0,
    0x0, 0xd, 0xff, 0xd0, 0x3f, 0xff, 0xfc, 0x0,
    0x0, 0x0, 0x0, 0x0, 0x4, 0xff, 0xf6, 0x5,
    0xff, 0xff, 0x50, 0x0, 0x0, 0x0, 0x0, 0x0,
    0xcf, 0xfe, 0x0, 0x8f, 0xff, 0xd0, 0x0, 0x0,
    0x0, 0x0, 0x0, 0x3f, 0xff, 0x70, 0xa, 0xff,
    0xf6,

    /* U+006F "o" */
    0x5, 0xdf, 0xea, 0x40, 0x0, 0x0, 0x0, 0x0,
    0x0, 0x2f, 0xff, 0xff, 0xfc, 0x20, 0x0, 0x0,
    0x0, 0x0, 0x6f, 0xff, 0xff, 0xff, 0xf5, 0x0,
    0x0, 0x0, 0x0, 0x5f, 0xff, 0xfc, 0xef, 0xff,
    0x50, 0x0, 0x0, 0x0, 0x1f, 0xff, 0xf0, 0x1c,
    0xff, 0xf4, 0x0, 0x0, 0x0, 0xa, 0xff, 0xf5,
    0x1, 0xff, 0xfd, 0x0, 0x0, 0x0, 0x2, 0xff,
    0xfd, 0x0, 0x7f, 0xff, 0x80, 0x0, 0x0, 0x0,
    0x9f, 0xff, 0x60, 0xd, 0xff, 0xf2, 0x0, 0x0,
    0x0, 0x1f, 0xff, 0xe0, 0x5, 0xff, 0xfa, 0x0,
    0x0, 0x0, 0x7, 0xff, 0xf8, 0x0, 0xcf, 0xff,
    0x30, 0x0, 0x0, 0x0, 0xef, 0xff, 0x20, 0x3f,
    0xff, 0xc0, 0x0, 0x0, 0x0, 0x5f, 0xff, 0xa0,
    0xa, 0xff, 0xf5, 0x0, 0x0, 0x0, 0xc, 0xff,
    0xf3, 0x1, 0xff, 0xfd, 0x0, 0x0, 0x0, 0x3,
    0xff, 0xfd, 0x0, 0x8f, 0xff, 0x50, 0x0, 0x0,
    0x0, 0x7f, 0xff, 0x90, 0x3f, 0xff, 0xc0, 0x0,
    0x0, 0x0, 0x9, 0xff, 0xfe, 0xdf, 0xff, 0xf1,
    0x0, 0x0, 0x0, 0x0, 0x8f, 0xff, 0xff, 0xff,
    0xf1, 0x0, 0x0, 0x0, 0x0, 0x5, 0xef, 0xff,
    0xff, 0xd0, 0x0, 0x0, 0x0, 0x0, 0x0, 0x6,
    0xce, 0xfc, 0x30,

    /* U+0070 "p" */
    0xd, 0xff, 0xff, 0xfd, 0xa3, 0x0, 0x0, 0x0,
    0x0, 0x5f, 0xff, 0xff, 0xff, 0xfb, 0x10, 0x0,
    0x0, 0x0, 0xcf, 0xff, 0xff, 0xff, 0xfe, 0x20,
    0x0, 0x0, 0x4, 0xff, 0xff, 0x9c, 0xff, 0xfe,
    0x10, 0x0, 0x0, 0xb, 0xff, 0xf3, 0x6, 0xff,
    0xfc, 0x0, 0x0, 0x0, 0x3f, 0xff, 0xb0, 0x9,
    0xff, 0xf6, 0x0, 0x0, 0x0, 0xaf, 0xff, 0x30,
    0x1f, 0xff, 0xe0, 0x0, 0x0, 0x2, 0xff, 0xfb,
    0x0, 0xbf, 0xff, 0x50, 0x0, 0x0, 0x9, 0xff,
    0xf3, 0xb, 0xff, 0xfb, 0x0, 0x0, 0x0, 0x1f,
    0xff, 0xff, 0xff, 0xff, 0xf0, 0x0, 0x0, 0x0,
    0x8f, 0xff, 0xff, 0xff, 0xff, 0x0, 0x0, 0x0,
    0x0, 0xef, 0xff, 0xff, 0xff, 0x90, 0x0, 0x0,
    0x0, 0x7, 0xff, 0xfc, 0x98, 0x40, 0x0, 0x0,
    0x0, 0x0, 0xe, 0xff, 0xd0, 0x0, 0x0, 0x0,
    0x0, 0x0, 0x0, 0x6f, 0xff, 0x60, 0x0, 0x0,
    0x0, 0x0, 0x0, 0x0, 0xdf, 0xfe, 0x0, 0x0,
    0x0, 0x0, 0x0, 0x0, 0x4, 0xff, 0xf8, 0x0,
    0x0, 0x0, 0x0, 0x0, 0x0, 0xc, 0xff, 0xf2,
    0x0, 0x0, 0x0, 0x0, 0x0, 0x0, 0x3f, 0xff,
    0xa0, 0x0,

    /* U+0071 "q" */
    0x5, 0xdf, 0xea, 0x40, 0x0, 0x0, 0x0, 0x0,
    0x0, 0x0, 0x2f, 0xff, 0xff, 0xfb, 0x20, 0x0,
    0x0, 0x0, 0x0, 0x0, 0x6f, 0xff, 0xff, 0xff,
    0xf4, 0x0, 0x0, 0x0, 0x0, 0x0, 0x5f, 0xff,
    0xfc, 0xef, 0xff, 0x40, 0x0, 0x0, 0x0, 0x0,
    0x1f, 0xff, 0xf0, 0x1c, 0xff, 0xf3, 0x0, 0x0,
    0x0, 0x0, 0xa, 0xff, 0xf4, 0x2, 0xff, 0xfd,
    0x0, 0x0, 0x0, 0x0, 0x3, 0xff, 0xfc, 0x0,
    0x7f, 0xff, 0x70, 0x0, 0x0, 0x0, 0x0, 0xaf,
    0xff, 0x50, 0xe, 0xff, 0xf1, 0x0, 0x0, 0x0,
    0x0, 0x2f, 0xff, 0xd0, 0x6, 0xff, 0xf9, 0x0,
    0x0, 0x0, 0x0, 0x9, 0xff, 0xf7, 0x0, 0xdf,
    0xff, 0x20, 0x0, 0x0, 0x0, 0x1, 0xff, 0xfe,
    0x10, 0x4f, 0xff, 0xa0, 0x0, 0x0, 0x0, 0x0,
    0x7f, 0xff, 0x80, 0xb, 0xff, 0xf3, 0x0, 0x0,
    0x0, 0x0, 0xe, 0xff, 0xf2, 0x3, 0xff, 0xfa,
    0x0, 0x0, 0x0, 0x0, 0x5, 0xff, 0xfb, 0x0,
    0xaf, 0xfd, 0x0, 0x0, 0x0, 0x0, 0x0, 0xaf,
    0xff, 0x70, 0x5f, 0xf6, 0x0, 0x0, 0x0, 0x0,
    0x0, 0xc, 0xff, 0xfd, 0xdf, 0xfb, 0xb5, 0x0,
    0x0, 0x0, 0x0, 0x1, 0xcf, 0xff, 0xff, 0xff,
    0xfe, 0x0, 0x0, 0x0, 0x0, 0x0, 0x8, 0xff,
    0xff, 0xff, 0xff, 0x70, 0x0, 0x0, 0x0, 0x0,
    0x0, 0x28, 0xdf, 0xff, 0xff, 0xe1,

    /* U+0072 "r" */
    0xd, 0xff, 0xff, 0xfd, 0x93, 0x0, 0x0, 0x0,
    0x0, 0x0, 0x0, 0x5, 0xff, 0xff, 0xff, 0xff,
    0xb1, 0x0, 0x0, 0x0, 0x0, 0x0, 0x0, 0xcf,
    0xff, 0xff, 0xff, 0xfe, 0x20, 0x0, 0x0, 0x0,
    0x0, 0x0, 0x4f, 0xff, 0xfa, 0xdf, 0xff, 0xd0,
    0x0, 0x0, 0x0, 0x0, 0x0, 0xb, 0xff, 0xf3,
    0x8, 0xff, 0xf9, 0x0, 0x0, 0x0, 0x0, 0x0,
    0x3, 0xff, 0xfb, 0x0, 0xdf, 0xff, 0x20, 0x0,
    0x0, 0x0, 0x0, 0x0, 0xaf, 0xff, 0x30, 0x5f,
    0xff, 0xa0, 0x0, 0x0, 0x0, 0x0, 0x0, 0x2f,
    0xff, 0xb0, 0xe, 0xff, 0xf1, 0x0, 0x0, 0x0,
    0x0, 0x0, 0x9, 0xff, 0xf6, 0x7f, 0xff, 0xf3,
    0x0, 0x0, 0x0, 0x0, 0x0, 0x1, 0xff, 0xff,
    0xff, 0xff, 0xb0, 0x0, 0x0, 0x0, 0x0, 0x0,
    0x0, 0x8f, 0xff, 0xff, 0xfe, 0x40, 0x0, 0x0,
    0x0, 0x0, 0x0, 0x0, 0xe, 0xff, 0xff, 0xff,
    0xfe, 0x70, 0x0, 0x0, 0x0, 0x0, 0x0, 0x7,
    0xff, 0xf6, 0x16, 0xff, 0xfb, 0x0, 0x0, 0x0,
    0x0, 0x0, 0x0, 0xef, 0xfe, 0x0, 0x5f, 0xff,
    0x90, 0x0, 0x0, 0x0, 0x0, 0x0, 0x6f, 0xff,
    0x70, 0xc, 0xff, 0xf3, 0x0, 0x0, 0x0, 0x0,
    0x0, 0xd, 0xff, 0xf1, 0x3, 0xff, 0xfb, 0x0,
    0x0, 0x0, 0x0, 0x0, 0x4, 0xff, 0xf9, 0x0,
    0xbf, 0xff, 0x40, 0x0, 0x0, 0x0, 0x0, 0x0,
    0xcf, 0xff, 0x20, 0x2f, 0xff, 0xd0, 0x0, 0x0,
    0x0, 0x0, 0x0, 0x3f, 0xff, 0xa0, 0x9, 0xff,
    0xf6,

    /* U+0073 "s" */
    0x1, 0xae, 0xfd, 0x93, 0x0, 0x0, 0x0, 0x0,
    0x0, 0x0, 0xbf, 0xff, 0xff, 0xfa, 0x10, 0x0,
    0x0, 0x0, 0x0, 0xf, 0xff, 0xff, 0xff, 0xfd,
    0x20, 0x0, 0x0, 0x0, 0x0, 0xcf, 0xff, 0xc9,
    0xff, 0xfe, 0x10, 0x0, 0x0, 0x0, 0x5, 0xff,
    0xf6, 0x1, 0xdf, 0xfc, 0x0, 0x0, 0x0, 0x0,
    0xc, 0xff, 0xe1, 0x3, 0xbb, 0xb4, 0x0, 0x0,
    0x0, 0x0, 0x2e, 0xff, 0xe5, 0x0, 0x0, 0x0,
    0x0, 0x0, 0x0, 0x0, 0x2d, 0xff, 0xfc, 0x40,
    0x0, 0x0, 0x0, 0x0, 0x0, 0x0, 0x1a, 0xff,
    0xff, 0xb3, 0x0, 0x0, 0x0, 0x0, 0x0, 0x0,
    0x4, 0xdf, 0xff, 0xfa, 0x10, 0x0, 0x0, 0x0,
    0x0, 0x0, 0x0, 0x5d, 0xff, 0xff, 0x50, 0x0,
    0x0, 0x0, 0x0, 0x0, 0x0, 0x6, 0xef, 0xff,
    0x80, 0x0, 0x0, 0x0, 0x0, 0x0, 0x0, 0x1,
    0xbf, 0xff, 0x60, 0x0, 0x0, 0x0, 0x6, 0xff,
    0xf5, 0x0, 0xaf, 0xff, 0x20, 0x0, 0x0, 0x0,
    0xc, 0xff, 0xe2, 0x1, 0xff, 0xfa, 0x0, 0x0,
    0x0, 0x0, 0x1e, 0xff, 0xf9, 0x8f, 0xff, 0xf1,
    0x0, 0x0, 0x0, 0x0, 0x2d, 0xff, 0xff, 0xff,
    0xff, 0x30, 0x0, 0x0, 0x0, 0x0, 0xa, 0xff,
    0xff, 0xff, 0xf0, 0x0, 0x0, 0x0, 0x0, 0x0,
    0x2, 0x9d, 0xff, 0xc4, 0x0,

    /* U+0074 "t" */
    0xc, 0xff, 0xff, 0xff, 0xff, 0xfd, 0x0, 0x0,
    0x0, 0x0, 0x3f, 0xff, 0xff, 0xff, 0xff, 0xf6,
    0x0, 0x0, 0x0, 0x0, 0xaf, 0xff, 0xff, 0xff,
    0xff, 0xe0, 0x0, 0x0, 0x0, 0x2, 0xaa, 0xad,
    0xff, 0xfc, 0xaa, 0x40, 0x0, 0x0, 0x0, 0x0,
    0x0, 0x3f, 0xff, 0xa0, 0x0, 0x0, 0x0, 0x0,
    0x0, 0x0, 0x0, 0xbf, 0xff, 0x30, 0x0, 0x0,
    0x0, 0x0, 0x0, 0x0, 0x2, 0xff, 0xfb, 0x0,
    0x0, 0x0, 0x0, 0x0, 0x0, 0x0, 0xa, 0xff,
    0xf4, 0x0, 0x0, 0x0, 0x0, 0x0, 0x0, 0x0,
    0x1f, 0xff, 0xc0, 0x0, 0x0, 0x0, 0x0, 0x0,
    0x0, 0x0, 0x9f, 0xff, 0x50, 0x0, 0x0, 0x0,
    0x0, 0x0, 0x0, 0x1, 0xff, 0xfd, 0x0, 0x0,
    0x0, 0x0, 0x0, 0x0, 0x0, 0x8, 0xff, 0xf6,
    0x0, 0x0, 0x0, 0x0, 0x0, 0x0, 0x0, 0xe,
    0xff, 0xe0, 0x0, 0x0, 0x0, 0x0, 0x0, 0x0,
    0x0, 0x7f, 0xff, 0x70, 0x0, 0x0, 0x0, 0x0,
    0x0, 0x0, 0x0, 0xef, 0xfe, 0x0, 0x0, 0x0,
    0x0, 0x0, 0x0, 0x0, 0x6, 0xff, 0xf8, 0x0,
    0x0, 0x0, 0x0, 0x0, 0x0, 0x0, 0xd, 0xff,
    0xf1, 0x0, 0x0, 0x0, 0x0, 0x0, 0x0, 0x0,
    0x5f, 0xff, 0x90, 0x0, 0x0, 0x0, 0x0, 0x0,
    0x0, 0x0, 0xcf, 0xff, 0x20,

    /* U+0075 "u" */
    0xe, 0xff, 0xe0, 0x3, 0xff, 0xfb, 0x0, 0x0,
    0x0, 0x0, 0x0, 0x6f, 0xff, 0x80, 0xa, 0xff,
    0xf4, 0x0, 0x0, 0x0, 0x0, 0x0, 0xdf, 0xff,
    0x10, 0x2f, 0xff, 0xc0, 0x0, 0x0, 0x0, 0x0,
    0x4, 0xff, 0xf9, 0x0, 0x9f, 0xff, 0x50, 0x0,
    0x0, 0x0, 0x0, 0xc, 0xff, 0xf2, 0x1, 0xff,
    0xfd, 0x0, 0x0, 0x0, 0x0, 0x0, 0x3f, 0xff,
    0xb0, 0x7, 0xff, 0xf6, 0x0, 0x0, 0x0, 0x0,
    0x0, 0xaf, 0xff, 0x40, 0xe, 0xff, 0xe0, 0x0,
    0x0, 0x0, 0x0, 0x2, 0xff, 0xfc, 0x0, 0x6f,
    0xff, 0x80, 0x0, 0x0, 0x0, 0x0, 0x9, 0xff,
    0xf5, 0x0, 0xdf, 0xff, 0x10, 0x0, 0x0, 0x0,
    0x0, 0x1f, 0xff, 0xe0, 0x4, 0xff, 0xf9, 0x0,
    0x0, 0x0, 0x0, 0x0, 0x7f, 0xff, 0x70, 0xb,
    0xff, 0xf2, 0x0, 0x0, 0x0, 0x0, 0x0, 0xef,
    0xfe, 0x10, 0x3f, 0xff, 0xb0, 0x0, 0x0, 0x0,
    0x0, 0x6, 0xff, 0xf8, 0x0, 0xaf, 0xff, 0x40,
    0x0, 0x0, 0x0, 0x0, 0xc, 0xff, 0xf2, 0x2,
    0xff, 0xfc, 0x0, 0x0, 0x0, 0x0, 0x0, 0x2f,
    0xff, 0xd1, 0xd, 0xff, 0xf3, 0x0, 0x0, 0x0,
    0x0, 0x0, 0x5f, 0xff, 0xfc, 0xff, 0xff, 0x80,
    0x0, 0x0, 0x0, 0x0, 0x0, 0x6f, 0xff, 0xff,
    0xff, 0xfa, 0x0, 0x0, 0x0, 0x0, 0x0, 0x0,
    0x3d, 0xff, 0xff, 0xff, 0x70, 0x0, 0x0, 0x0,
    0x0, 0x0, 0x0, 0x6, 0xbe, 0xfe, 0x90, 0x0,

    /* U+0076 "v" */
    0xb, 0xff, 0xf3, 0x2, 0xff, 0xfc, 0x0, 0x0,
    0x0, 0x0, 0x1f, 0xff, 0xc0, 0xc, 0xff, 0xf2,
    0x0, 0x0, 0x0, 0x0, 0x5f, 0xff, 0x70, 0x5f,
    0xff, 0x80, 0x0, 0x0, 0x0, 0x0, 0xaf, 0xff,
    0x20, 0xef, 0xfe, 0x0, 0x0, 0x0, 0x0, 0x1,
    0xef, 0xfc, 0x8, 0xff, 0xf4, 0x0, 0x0, 0x0,
    0x0, 0x5, 0xff, 0xf7, 0x2f, 0xff, 0xa0, 0x0,
    0x0, 0x0, 0x0, 0xa, 0xff, 0xf2, 0xbf, 0xff,
    0x10, 0x0, 0x0, 0x0, 0x0, 0xe, 0xff, 0xc4,
    0xff, 0xf7, 0x0, 0x0, 0x0, 0x0, 0x0, 0x4f,
    0xff, 0x6e, 0xff, 0xd0, 0x0, 0x0, 0x0, 0x0,
    0x0, 0x9f, 0xff, 0x9f, 0xff, 0x30, 0x0, 0x0,
    0x0, 0x0, 0x0, 0xdf, 0xfd, 0xff, 0xf9, 0x0,
    0x0, 0x0, 0x0, 0x0, 0x3, 0xff, 0xff, 0xff,
    0xf0, 0x0, 0x0, 0x0, 0x0, 0x0, 0x8, 0xff,
    0xff, 0xff, 0x60, 0x0, 0x0, 0x0, 0x0, 0x0,
    0xc, 0xff, 0xff, 0xfc, 0x0, 0x0, 0x0, 0x0,
    0x0, 0x0, 0x2f, 0xff, 0xff, 0xf2, 0x0, 0x0,
    0x0, 0x0, 0x0, 0x0, 0x7f, 0xff, 0xff, 0x80,
    0x0, 0x0, 0x0, 0x0, 0x0, 0x0, 0xcf, 0xff,
    0xfe, 0x0, 0x0, 0x0, 0x0, 0x0, 0x0, 0x2,
    0xff, 0xff, 0xf4, 0x0, 0x0, 0x0, 0x0, 0x0,
    0x0, 0x6, 0xff, 0xff, 0xb0,

    /* U+0077 "w" */
    0x7f, 0xfb, 0x0, 0x1, 0xff, 0xf1, 0x0, 0x0,
    0x0, 0x0, 0xd, 0xff, 0x40, 0x0, 0x9f, 0xf8,
    0x0, 0x0, 0x0, 0x0, 0x3, 0xff, 0xe0, 0x0,
    0x2f, 0xfe, 0x0, 0x0, 0x0, 0x0, 0x0, 0x9f,
    0xf8, 0x0, 0xb, 0xff, 0x60, 0x0, 0x0, 0x0,
    0x0, 0x1e, 0xff, 0x3d, 0xd4, 0xff, 0xd0, 0x0,
    0x0, 0x0, 0x0, 0x5, 0xff, 0xc9, 0xf8, 0xcf,
    0xf4, 0x0, 0x0, 0x0, 0x0, 0x0, 0xbf, 0xf8,
    0xff, 0x8f, 0xfb, 0x0, 0x0, 0x0, 0x0, 0x0,
    0x1f, 0xfe, 0xcf, 0xce, 0xff, 0x20, 0x0, 0x0,
    0x0, 0x0, 0x7, 0xff, 0xef, 0xfd, 0xff, 0x90,
    0x0, 0x0, 0x0, 0x0, 0x0, 0xcf, 0xff, 0xff,
    0xff, 0xf1, 0x0, 0x0, 0x0, 0x0, 0x0, 0x3f,
    0xff, 0xff, 0xff, 0xf7, 0x0, 0x0, 0x0, 0x0,
    0x0, 0x9, 0xff, 0xff, 0xff, 0xfe, 0x0, 0x0,
    0x0, 0x0, 0x0, 0x0, 0xef, 0xff, 0xdf, 0xff,
    0x50, 0x0, 0x0, 0x0, 0x0, 0x0, 0x4f, 0xff,
    0xbf, 0xff, 0xc0, 0x0, 0x0, 0x0, 0x0, 0x0,
    0xa, 0xff, 0xf8, 0xff, 0xf3, 0x0, 0x0, 0x0,
    0x0, 0x0, 0x1, 0xff, 0xf7, 0xdf, 0xfa, 0x0,
    0x0, 0x0, 0x0, 0x0, 0x0, 0x6f, 0xfe, 0x4f,
    0xff, 0x10, 0x0, 0x0, 0x0, 0x0, 0x0, 0xc,
    0xff, 0x5a, 0xff, 0x80, 0x0, 0x0, 0x0, 0x0,
    0x0, 0x2, 0xff, 0xc1, 0xef, 0xe0,

    /* U+0078 "x" */
    0xb, 0xff, 0xf5, 0x8, 0xff, 0xf8, 0x0, 0x0,
    0x0, 0x0, 0x0, 0x0, 0xdf, 0xff, 0x24, 0xff,
    0xfc, 0x0, 0x0, 0x0, 0x0, 0x0, 0x0, 0x1e,
    0xff, 0xd1, 0xff, 0xff, 0x0, 0x0, 0x0, 0x0,
    0x0, 0x0, 0x3, 0xff, 0xfb, 0xcf, 0xff, 0x30,
    0x0, 0x0, 0x0, 0x0, 0x0, 0x0, 0x5f, 0xff,
    0xff, 0xff, 0x60, 0x0, 0x0, 0x0, 0x0, 0x0,
    0x0, 0x7, 0xff, 0xff, 0xff, 0xa0, 0x0, 0x0,
    0x0, 0x0, 0x0, 0x0, 0x0, 0x9f, 0xff, 0xff,
    0xd0, 0x0, 0x0, 0x0, 0x0, 0x0, 0x0, 0x0,
    0xb, 0xff, 0xff, 0xf1, 0x0, 0x0, 0x0, 0x0,
    0x0, 0x0, 0x0, 0x0, 0xdf, 0xff, 0xf4, 0x0,
    0x0, 0x0, 0x0, 0x0, 0x0, 0x0, 0x0, 0x2f,
    0xff, 0xf9, 0x0, 0x0, 0x0, 0x0, 0x0, 0x0,
    0x0, 0x0, 0xd, 0xff, 0xff, 0x60, 0x0, 0x0,
    0x0, 0x0, 0x0, 0x0, 0x0, 0x9, 0xff, 0xff,
    0xf4, 0x0, 0x0, 0x0, 0x0, 0x0, 0x0, 0x0,
    0x6, 0xff, 0xff, 0xfe, 0x20, 0x0, 0x0, 0x0,
    0x0, 0x0, 0x0, 0x3, 0xff, 0xff, 0xff, 0xd1,
    0x0, 0x0, 0x0, 0x0, 0x0, 0x0, 0x0, 0xff,
    0xff, 0xff, 0xfc, 0x0, 0x0, 0x0, 0x0, 0x0,
    0x0, 0x0, 0xcf, 0xff, 0x7f, 0xff, 0xa0, 0x0,
    0x0, 0x0, 0x0, 0x0, 0x0, 0x9f, 0xff, 0x68,
    0xff, 0xf7, 0x0, 0x0, 0x0, 0x0, 0x0, 0x0,
    0x5f, 0xff, 0xa0, 0xbf, 0xff, 0x50, 0x0, 0x0,
    0x0, 0x0, 0x0, 0x2f, 0xff, 0xe0, 0xd, 0xff,
    0xf3,

    /* U+0079 "y" */
    0xc, 0xff, 0xf3, 0x6, 0xff, 0xf8, 0x0, 0x0,
    0x0, 0x0, 0x1e, 0xff, 0xe1, 0x1f, 0xff, 0xc0,
    0x0, 0x0, 0x0, 0x0, 0x2f, 0xff, 0xb0, 0xdf,
    0xff, 0x0, 0x0, 0x0, 0x0, 0x0, 0x4f, 0xff,
    0x89, 0xff, 0xf3, 0x0, 0x0, 0x0, 0x0, 0x0,
    0x7f, 0xff, 0xaf, 0xff, 0x70, 0x0, 0x0, 0x0,
    0x0, 0x0, 0xaf, 0xff, 0xff, 0xfa, 0x0, 0x0,
    0x0, 0x0, 0x0, 0x0, 0xcf, 0xff, 0xff, 0xe0,
    0x0, 0x0, 0x0, 0x0, 0x0, 0x1, 0xdf, 0xff,
    0xff, 0x20, 0x0, 0x0, 0x0, 0x0, 0x0, 0x2,
    0xff, 0xff, 0xf5, 0x0, 0x0, 0x0, 0x0, 0x0,
    0x0, 0x4, 0xff, 0xff, 0x90, 0x0, 0x0, 0x0,
    0x0, 0x0, 0x0, 0x6, 0xff, 0xfd, 0x0, 0x0,
    0x0, 0x0, 0x0, 0x0, 0x0, 0xb, 0xff, 0xf2,
    0x0, 0x0, 0x0, 0x0, 0x0, 0x0, 0x0, 0x3f,
    0xff, 0xb0, 0x0, 0x0, 0x0, 0x0, 0x0, 0x0,
    0x0, 0xaf, 0xff, 0x30, 0x0, 0x0, 0x0, 0x0,
    0x0, 0x0, 0x2, 0xff, 0xfc, 0x0, 0x0, 0x0,
    0x0, 0x0, 0x0, 0x0, 0x9, 0xff, 0xf5, 0x0,
    0x0, 0x0, 0x0, 0x0, 0x0, 0x0, 0x1f, 0xff,
    0xd0, 0x0, 0x0, 0x0, 0x0, 0x0, 0x0, 0x0,
    0x8f, 0xff, 0x60, 0x0, 0x0, 0x0, 0x0, 0x0,
    0x0, 0x0, 0xef, 0xfe, 0x0,

    /* U+007A "z" */
    0x4f, 0xff, 0xff, 0xff, 0xff, 0xf1, 0x0, 0x0,
    0x0, 0x0, 0x0, 0xbf, 0xff, 0xff, 0xff, 0xff,
    0x90, 0x0, 0x0, 0x0, 0x0, 0x3, 0xff, 0xff,
    0xff, 0xff, 0xff, 0x20, 0x0, 0x0, 0x0, 0x0,
    0x7, 0xbb, 0xbb, 0xbf, 0xff, 0xf6, 0x0, 0x0,
    0x0, 0x0, 0x0, 0x0, 0x0, 0x0, 0xcf, 0xff,
    0x70, 0x0, 0x0, 0x0, 0x0, 0x0, 0x0, 0x0,
    0xb, 0xff, 0xf7, 0x0, 0x0, 0x0, 0x0, 0x0,
    0x0, 0x0, 0x0, 0xbf, 0xff, 0x80, 0x0, 0x0,
    0x0, 0x0, 0x0, 0x0, 0x0, 0xa, 0xff, 0xf9,
    0x0, 0x0, 0x0, 0x0, 0x0, 0x0, 0x0, 0x0,
    0x9f, 0xff, 0x90, 0x0, 0x0, 0x0, 0x0, 0x0,
    0x0, 0x0, 0x9, 0xff, 0xfa, 0x0, 0x0, 0x0,
    0x0, 0x0, 0x0, 0x0, 0x0, 0x8f, 0xff, 0xb0,
    0x0, 0x0, 0x0, 0x0, 0x0, 0x0, 0x0, 0x7,
    0xff, 0xfb, 0x0, 0x0, 0x0, 0x0, 0x0, 0x0,
    0x0, 0x0, 0x7f, 0xff, 0xc0, 0x0, 0x0, 0x0,
    0x0, 0x0, 0x0, 0x0, 0x6, 0xff, 0xfd, 0x0,
    0x0, 0x0, 0x0, 0x0, 0x0, 0x0, 0x0, 0x5f,
    0xff, 0xd0, 0x0, 0x0, 0x0, 0x0, 0x0, 0x0,
    0x0, 0x5, 0xff, 0xff, 0xaa, 0xaa, 0xa8, 0x0,
    0x0, 0x0, 0x0, 0x0, 0x1f, 0xff, 0xff, 0xff,
    0xff, 0xf3, 0x0, 0x0, 0x0, 0x0, 0x0, 0x8f,
    0xff, 0xff, 0xff, 0xff, 0xc0, 0x0, 0x0, 0x0,
    0x0, 0x1, 0xef, 0xff, 0xff, 0xff, 0xff, 0x40,

    /* U+007B "{" */
    0x0, 0x9e, 0xff, 0x0, 0x0, 0x0, 0x0, 0x8f,
    0xff, 0xf4, 0x0, 0x0, 0x0, 0xa, 0xff, 0xff,
    0x90, 0x0, 0x0, 0x0, 0x7f, 0xff, 0xa4, 0x0,
    0x0, 0x0, 0x3, 0xff, 0xf9, 0x0, 0x0, 0x0,
    0x0, 0xd, 0xff, 0xf0, 0x0, 0x0, 0x0, 0x0,
    0x7f, 0xff, 0x50, 0x0, 0x0, 0x0, 0x1, 0xff,
    0xfb, 0x0, 0x0, 0x0, 0x0, 0xb, 0xff, 0xf1,
    0x0, 0x0, 0x0, 0x0, 0xaf, 0xff, 0x50, 0x0,
    0x0, 0x0, 0x6f, 0xff, 0xf5, 0x0, 0x0, 0x0,
    0x2, 0xff, 0xfb, 0x0, 0x0, 0x0, 0x0, 0xd,
    0xff, 0xfd, 0x0, 0x0, 0x0, 0x0, 0x8, 0xff,
    0xf7, 0x0, 0x0, 0x0, 0x0, 0x1f, 0xff, 0xb0,
    0x0, 0x0, 0x0, 0x0, 0xdf, 0xfe, 0x0, 0x0,
    0x0, 0x0, 0xb, 0xff, 0xf1, 0x0, 0x0, 0x0,
    0x0, 0x8f, 0xff, 0x40, 0x0, 0x0, 0x0, 0x5,
    0xff, 0xf7, 0x0, 0x0, 0x0, 0x0, 0x1f, 0xff,
    0xd5, 0x10, 0x0, 0x0, 0x0, 0xbf, 0xff, 0xf7,
    0x0, 0x0, 0x0, 0x2, 0xef, 0xff, 0xc0, 0x0,
    0x0, 0x0, 0x1, 0x9d, 0xff, 0x10,

    /* U+007C "|" */
    0x7f, 0xff, 0xff, 0x30, 0x0, 0x0, 0x3, 0xff,
    0xff, 0xf7, 0x0, 0x0, 0x0, 0xe, 0xff, 0xff,
    0xc0, 0x0, 0x0, 0x0, 0xaf, 0xff, 0xff, 0x0,
    0x0, 0x0, 0x6, 0xff, 0xff, 0xf4, 0x0, 0x0,
    0x0, 0x1f, 0xff, 0xff, 0x80, 0x0, 0x0, 0x0,
    0xdf, 0xff, 0xfd, 0x0, 0x0, 0x0, 0x9, 0xff,
    0xff, 0xf1, 0x0, 0x0, 0x0, 0x4f, 0xff, 0xff,
    0x50, 0x0, 0x0, 0x0, 0xff, 0xff, 0xfa, 0x0,
    0x0, 0x0, 0xc, 0xff, 0xff, 0xe0, 0x0, 0x0,
    0x0, 0x7f, 0xff, 0xff, 0x20, 0x0, 0x0, 0x3,
    0xff, 0xff, 0xf7, 0x0, 0x0, 0x0, 0xe, 0xff,
    0xff, 0xb0, 0x0, 0x0, 0x0, 0xaf, 0xff, 0xff,
    0x0, 0x0, 0x0, 0x6, 0xff, 0xff, 0xf4, 0x0,
    0x0, 0x0, 0x2f, 0xff, 0xff, 0x80, 0x0, 0x0,
    0x0, 0xdf, 0xff, 0xfc, 0x0, 0x0, 0x0, 0x9,
    0xff, 0xff, 0xf1, 0x0, 0x0, 0x0, 0x5f, 0xff,
    0xff, 0x50, 0x0, 0x0, 0x1, 0xff, 0xff, 0xf9,
    0x0, 0x0, 0x0, 0xc, 0xff, 0xff, 0xe0, 0x0,
    0x0, 0x0, 0x8f, 0xff, 0xff, 0x20, 0x0, 0x0,
    0x3, 0xff, 0xff, 0xf6,

    /* U+007D "}" */
    0x1f, 0xfd, 0x91, 0x0, 0x0, 0x0, 0x0, 0xcf,
    0xff, 0xe2, 0x0, 0x0, 0x0, 0x8, 0xff, 0xff,
    0xb0, 0x0, 0x0, 0x0, 0x16, 0xef, 0xff, 0x10,
    0x0, 0x0, 0x0, 0x7, 0xff, 0xf5, 0x0, 0x0,
    0x0, 0x0, 0x4f, 0xff, 0x70, 0x0, 0x0, 0x0,
    0x2, 0xff, 0xfa, 0x0, 0x0, 0x0, 0x0, 0xf,
    0xff, 0xd0, 0x0, 0x0, 0x0, 0x0, 0xcf, 0xff,
    0x10, 0x0, 0x0, 0x0, 0x8, 0xff, 0xf8, 0x0,
    0x0, 0x0, 0x0, 0x1d, 0xff, 0xfc, 0x0, 0x0,
    0x0, 0x0, 0xc, 0xff, 0xf1, 0x0, 0x0, 0x0,
    0x6, 0xff, 0xff, 0x50, 0x0, 0x0, 0x0, 0x6f,
    0xff, 0x90, 0x0, 0x0, 0x0, 0x2, 0xff, 0xfa,
    0x0, 0x0, 0x0, 0x0, 0xc, 0xff, 0xf0, 0x0,
    0x0, 0x0, 0x0, 0x6f, 0xff, 0x60, 0x0, 0x0,
    0x0, 0x0, 0xff, 0xfc, 0x0, 0x0, 0x0, 0x0,
    0xa, 0xff, 0xf2, 0x0, 0x0, 0x0, 0x4, 0xbf,
    0xff, 0x70, 0x0, 0x0, 0x0, 0x9f, 0xff, 0xf9,
    0x0, 0x0, 0x0, 0x5, 0xff, 0xff, 0x70, 0x0,
    0x0, 0x0, 0x1f, 0xfe, 0x90, 0x0,

    /* U+007E "~" */
    0x0, 0x9e, 0xfb, 0x30, 0x0, 0x22, 0x0, 0xa,
    0xff, 0xff, 0xfa, 0x22, 0xce, 0x30, 0x4f, 0xff,
    0xff, 0xff, 0xff, 0xff, 0xf5, 0x2e, 0xff, 0xff,
    0xff, 0xff, 0xff, 0xf8, 0x1, 0xdf, 0x31, 0x8f,
    0xff, 0xff, 0xd0, 0x0, 0x4, 0x0, 0x1, 0x9e,
    0xfb, 0x10
};


/*---------------------
 *  GLYPH DESCRIPTION
 *--------------------*/

static const lv_font_fmt_txt_glyph_dsc_t glyph_dsc[] = {
    {.bitmap_index = 0, .adv_w = 0, .box_w = 0, .box_h = 0, .ofs_x = 0, .ofs_y = 0} /* id = 0 reserved */,
    {.bitmap_index = 0, .adv_w = 60, .box_w = 0, .box_h = 0, .ofs_x = 0, .ofs_y = 0},
    {.bitmap_index = 0, .adv_w = 89, .box_w = 10, .box_h = 19, .ofs_x = -5, .ofs_y = 0},
    {.bitmap_index = 95, .adv_w = 149, .box_w = 11, .box_h = 8, .ofs_x = -5, .ofs_y = 11},
    {.bitmap_index = 139, .adv_w = 187, .box_w = 14, .box_h = 19, .ofs_x = -4, .ofs_y = 0},
    {.bitmap_index = 272, .adv_w = 330, .box_w = 24, .box_h = 24, .ofs_x = -4, .ofs_y = -3},
    {.bitmap_index = 560, .adv_w = 387, .box_w = 29, .box_h = 19, .ofs_x = -5, .ofs_y = 0},
    {.bitmap_index = 836, .adv_w = 180, .box_w = 15, .box_h = 19, .ofs_x = -4, .ofs_y = 0},
    {.bitmap_index = 979, .adv_w = 78, .box_w = 6, .box_h = 8, .ofs_x = -5, .ofs_y = 11},
    {.bitmap_index = 1003, .adv_w = 102, .box_w = 10, .box_h = 24, .ofs_x = -3, .ofs_y = -3},
    {.bitmap_index = 1123, .adv_w = 102, .box_w = 11, .box_h = 24, .ofs_x = -6, .ofs_y = -3},
    {.bitmap_index = 1255, .adv_w = 166, .box_w = 11, .box_h = 10, .ofs_x = -4, .ofs_y = 9},
    {.bitmap_index = 1310, .adv_w = 216, .box_w = 14, .box_h = 12, .ofs_x = -2, .ofs_y = 1},
    {.bitmap_index = 1394, .adv_w = 85, .box_w = 6, .box_h = 8, .ofs_x = -1, .ofs_y = -3},
    {.bitmap_index = 1418, .adv_w = 190, .box_w = 12, .box_h = 4, .ofs_x = -2, .ofs_y = 6},
    {.bitmap_index = 1442, .adv_w = 86, .box_w = 6, .box_h = 5, .ofs_x = -1, .ofs_y = 0},
    {.bitmap_index = 1457, .adv_w = 178, .box_w = 6, .box_h = 19, .ofs_x = 0, .ofs_y = 0},
    {.bitmap_index = 1514, .adv_w = 192, .box_w = 15, .box_h = 19, .ofs_x = -4, .ofs_y = 0},
    {.bitmap_index = 1657, .adv_w = 183, .box_w = 16, .box_h = 19, .ofs_x = -4, .ofs_y = 0},
    {.bitmap_index = 1809, .adv_w = 184, .box_w = 15, .box_h = 19, .ofs_x = -4, .ofs_y = 0},
    {.bitmap_index = 1952, .adv_w = 181, .box_w = 15, .box_h = 19, .ofs_x = -5, .ofs_y = 0},
    {.bitmap_index = 2095, .adv_w = 180, .box_w = 13, .box_h = 19, .ofs_x = -2, .ofs_y = 0},
    {.bitmap_index = 2219, .adv_w = 182, .box_w = 13, .box_h = 19, .ofs_x = -3, .ofs_y = 0},
    {.bitmap_index = 2343, .adv_w = 190, .box_w = 15, .box_h = 19, .ofs_x = -4, .ofs_y = 0},
    {.bitmap_index = 2486, .adv_w = 178, .box_w = 13, .box_h = 19, .ofs_x = -5, .ofs_y = 0},
    {.bitmap_index = 2610, .adv_w = 187, .box_w = 15, .box_h = 19, .ofs_x = -4, .ofs_y = 0},
    {.bitmap_index = 2753, .adv_w = 190, .box_w = 15, .box_h = 19, .ofs_x = -4, .ofs_y = 0},
    {.bitmap_index = 2896, .adv_w = 96, .box_w = 9, .box_h = 14, .ofs_x = -3, .ofs_y = 0},
    {.bitmap_index = 2959, .adv_w = 96, .box_w = 9, .box_h = 17, .ofs_x = -3, .ofs_y = -3},
    {.bitmap_index = 3036, .adv_w = 216, .box_w = 15, .box_h = 13, .ofs_x = -2, .ofs_y = 1},
    {.bitmap_index = 3134, .adv_w = 216, .box_w = 15, .box_h = 10, .ofs_x = -3, .ofs_y = 3},
    {.bitmap_index = 3209, .adv_w = 216, .box_w = 15, .box_h = 13, .ofs_x = -3, .ofs_y = 1},
    {.bitmap_index = 3307, .adv_w = 175, .box_w = 12, .box_h = 19, .ofs_x = -4, .ofs_y = 0},
    {.bitmap_index = 3421, .adv_w = 341, .box_w = 22, .box_h = 21, .ofs_x = -3, .ofs_y = -2},
    {.bitmap_index = 3652, .adv_w = 174, .box_w = 14, .box_h = 19, .ofs_x = -3, .ofs_y = 0},
    {.bitmap_index = 3785, .adv_w = 193, .box_w = 17, .box_h = 19, .ofs_x = -5, .ofs_y = 0},
    {.bitmap_index = 3947, .adv_w = 188, .box_w = 15, .box_h = 19, .ofs_x = -4, .ofs_y = 0},
    {.bitmap_index = 4090, .adv_w = 197, .box_w = 16, .box_h = 19, .ofs_x = -5, .ofs_y = 0},
    {.bitmap_index = 4242, .adv_w = 193, .box_w = 17, .box_h = 19, .ofs_x = -5, .ofs_y = 0},
    {.bitmap_index = 4404, .adv_w = 189, .box_w = 14, .box_h = 19, .ofs_x = -5, .ofs_y = 0},
    {.bitmap_index = 4537, .adv_w = 194, .box_w = 16, .box_h = 19, .ofs_x = -4, .ofs_y = 0},
    {.bitmap_index = 4689, .adv_w = 203, .box_w = 17, .box_h = 19, .ofs_x = -5, .ofs_y = 0},
    {.bitmap_index = 4851, .adv_w = 183, .box_w = 17, .box_h = 19, .ofs_x = -5, .ofs_y = 0},
    {.bitmap_index = 5013, .adv_w = 187, .box_w = 14, .box_h = 19, .ofs_x = -4, .ofs_y = 0},
    {.bitmap_index = 5146, .adv_w = 182, .box_w = 17, .box_h = 19, .ofs_x = -5, .ofs_y = 0},
    {.bitmap_index = 5308, .adv_w = 188, .box_w = 17, .box_h = 19, .ofs_x = -5, .ofs_y = 0},
    {.bitmap_index = 5470, .adv_w = 203, .box_w = 17, .box_h = 19, .ofs_x = -5, .ofs_y = 0},
    {.bitmap_index = 5632, .adv_w = 203, .box_w = 17, .box_h = 19, .ofs_x = -5, .ofs_y = 0},
    {.bitmap_index = 5794, .adv_w = 190, .box_w = 15, .box_h = 19, .ofs_x = -4, .ofs_y = 0},
    {.bitmap_index = 5937, .adv_w = 190, .box_w = 15, .box_h = 19, .ofs_x = -5, .ofs_y = 0},
    {.bitmap_index = 6080, .adv_w = 191, .box_w = 16, .box_h = 19, .ofs_x = -4, .ofs_y = 0},
    {.bitmap_index = 6232, .adv_w = 194, .box_w = 17, .box_h = 19, .ofs_x = -5, .ofs_y = 0},
    {.bitmap_index = 6394, .adv_w = 181, .box_w = 15, .box_h = 19, .ofs_x = -4, .ofs_y = 0},
    {.bitmap_index = 6537, .adv_w = 174, .box_w = 13, .box_h = 19, .ofs_x = -5, .ofs_y = 0},
    {.bitmap_index = 6661, .adv_w = 200, .box_w = 16, .box_h = 19, .ofs_x = -5, .ofs_y = 0},
    {.bitmap_index = 6813, .adv_w = 173, .box_w = 13, .box_h = 19, .ofs_x = -5, .ofs_y = 0},
    {.bitmap_index = 6937, .adv_w = 181, .box_w = 15, .box_h = 19, .ofs_x = -5, .ofs_y = 0},
    {.bitmap_index = 7080, .adv_w = 169, .box_w = 17, .box_h = 19, .ofs_x = -6, .ofs_y = 0},
    {.bitmap_index = 7242, .adv_w = 168, .box_w = 14, .box_h = 19, .ofs_x = -6, .ofs_y = 0},
    {.bitmap_index = 7375, .adv_w = 178, .box_w = 16, .box_h = 19, .ofs_x = -5, .ofs_y = 0},
    {.bitmap_index = 7527, .adv_w = 115, .box_w = 13, .box_h = 23, .ofs_x = -5, .ofs_y = -2},
    {.bitmap_index = 7677, .adv_w = 178, .box_w = 16, .box_h = 19, .ofs_x = -5, .ofs_y = 0},
    {.bitmap_index = 7829, .adv_w = 115, .box_w = 13, .box_h = 23, .ofs_x = -6, .ofs_y = -2},
    {.bitmap_index = 7979, .adv_w = 226, .box_w = 14, .box_h = 11, .ofs_x = -2, .ofs_y = 8},
    {.bitmap_index = 8056, .adv_w = 206, .box_w = 14, .box_h = 4, .ofs_x = 0, .ofs_y = -5},
    {.bitmap_index = 8084, .adv_w = 156, .box_w = 9, .box_h = 5, .ofs_x = -4, .ofs_y = 15},
    {.bitmap_index = 8107, .adv_w = 174, .box_w = 19, .box_h = 19, .ofs_x = -8, .ofs_y = 0},
    {.bitmap_index = 8288, .adv_w = 193, .box_w = 21, .box_h = 19, .ofs_x = -10, .ofs_y = 0},
    {.bitmap_index = 8488, .adv_w = 188, .box_w = 18, .box_h = 19, .ofs_x = -8, .ofs_y = 0},
    {.bitmap_index = 8659, .adv_w = 197, .box_w = 20, .box_h = 19, .ofs_x = -10, .ofs_y = 0},
    {.bitmap_index = 8849, .adv_w = 193, .box_w = 22, .box_h = 19, .ofs_x = -10, .ofs_y = 0},
    {.bitmap_index = 9058, .adv_w = 189, .box_w = 17, .box_h = 19, .ofs_x = -10, .ofs_y = 0},
    {.bitmap_index = 9220, .adv_w = 194, .box_w = 20, .box_h = 19, .ofs_x = -8, .ofs_y = 0},
    {.bitmap_index = 9410, .adv_w = 203, .box_w = 22, .box_h = 19, .ofs_x = -10, .ofs_y = 0},
    {.bitmap_index = 9619, .adv_w = 183, .box_w = 22, .box_h = 19, .ofs_x = -10, .ofs_y = 0},
    {.bitmap_index = 9828, .adv_w = 187, .box_w = 19, .box_h = 19, .ofs_x = -9, .ofs_y = 0},
    {.bitmap_index = 10009, .adv_w = 182, .box_w = 22, .box_h = 19, .ofs_x = -10, .ofs_y = 0},
    {.bitmap_index = 10218, .adv_w = 188, .box_w = 22, .box_h = 19, .ofs_x = -10, .ofs_y = 0},
    {.bitmap_index = 10427, .adv_w = 203, .box_w = 22, .box_h = 19, .ofs_x = -10, .ofs_y = 0},
    {.bitmap_index = 10636, .adv_w = 203, .box_w = 22, .box_h = 19, .ofs_x = -10, .ofs_y = 0},
    {.bitmap_index = 10845, .adv_w = 190, .box_w = 18, .box_h = 19, .ofs_x = -8, .ofs_y = 0},
    {.bitmap_index = 11016, .adv_w = 190, .box_w = 17, .box_h = 19, .ofs_x = -10, .ofs_y = 0},
    {.bitmap_index = 11178, .adv_w = 191, .box_w = 20, .box_h = 19, .ofs_x = -8, .ofs_y = 0},
    {.bitmap_index = 11368, .adv_w = 194, .box_w = 22, .box_h = 19, .ofs_x = -10, .ofs_y = 0},
    {.bitmap_index = 11577, .adv_w = 181, .box_w = 19, .box_h = 19, .ofs_x = -9, .ofs_y = 0},
    {.bitmap_index = 11758, .adv_w = 174, .box_w = 19, .box_h = 19, .ofs_x = -11, .ofs_y = 0},
    {.bitmap_index = 11939, .adv_w = 200, .box_w = 21, .box_h = 19, .ofs_x = -10, .ofs_y = 0},
    {.bitmap_index = 12139, .adv_w = 173, .box_w = 19, .box_h = 19, .ofs_x = -11, .ofs_y = 0},
    {.bitmap_index = 12320, .adv_w = 181, .box_w = 20, .box_h = 19, .ofs_x = -10, .ofs_y = 0},
    {.bitmap_index = 12510, .adv_w = 169, .box_w = 22, .box_h = 19, .ofs_x = -11, .ofs_y = 0},
    {.bitmap_index = 12719, .adv_w = 168, .box_w = 19, .box_h = 19, .ofs_x = -11, .ofs_y = 0},
    {.bitmap_index = 12900, .adv_w = 178, .box_w = 21, .box_h = 19, .ofs_x = -10, .ofs_y = 0},
    {.bitmap_index = 13100, .adv_w = 111, .box_w = 13, .box_h = 23, .ofs_x = -5, .ofs_y = -2},
    {.bitmap_index = 13250, .adv_w = 124, .box_w = 13, .box_h = 24, .ofs_x = -5, .ofs_y = -3},
    {.bitmap_index = 13406, .adv_w = 111, .box_w = 13, .box_h = 23, .ofs_x = -6, .ofs_y = -2},
    {.bitmap_index = 13556, .adv_w = 228, .box_w = 14, .box_h = 6, .ofs_x = -2, .ofs_y = 4}
};

/*---------------------
 *  CHARACTER MAPPING
 *--------------------*/



/*Collect the unicode lists and glyph_id offsets*/
static const lv_font_fmt_txt_cmap_t cmaps[] =
{
    {
        .range_start = 32, .range_length = 95, .glyph_id_start = 1,
        .unicode_list = NULL, .glyph_id_ofs_list = NULL, .list_length = 0, .type = LV_FONT_FMT_TXT_CMAP_FORMAT0_TINY
    }
};

/*-----------------
 *    KERNING
 *----------------*/


/*Map glyph_ids to kern left classes*/
static const uint8_t kern_left_class_mapping[] =
{
    0, 1, 0, 2, 0, 3, 0, 4,
    2, 5, 6, 7, 8, 9, 10, 9,
    11, 12, 13, 14, 15, 16, 17, 18,
    19, 20, 21, 22, 22, 0, 23, 0,
    24, 25, 26, 27, 28, 29, 30, 31,
    32, 0, 33, 34, 35, 36, 0, 0,
    37, 38, 39, 40, 41, 42, 34, 43,
    44, 45, 46, 47, 48, 49, 0, 0,
    50, 0, 26, 27, 28, 29, 30, 31,
    32, 0, 33, 34, 35, 36, 0, 0,
    37, 38, 39, 40, 41, 42, 34, 43,
    44, 45, 46, 47, 51, 0, 52, 0
};

/*Map glyph_ids to kern right classes*/
static const uint8_t kern_right_class_mapping[] =
{
    0, 1, 2, 3, 4, 5, 6, 7,
    3, 8, 9, 10, 11, 12, 13, 12,
    14, 15, 16, 17, 18, 19, 20, 21,
    22, 23, 24, 25, 25, 0, 26, 0,
    27, 28, 29, 0, 30, 0, 0, 0,
    30, 0, 31, 32, 0, 0, 0, 0,
    30, 0, 33, 0, 34, 35, 36, 37,
    38, 39, 40, 41, 0, 42, 43, 0,
    44, 0, 29, 0, 30, 0, 0, 0,
    30, 0, 31, 32, 0, 0, 0, 0,
    30, 0, 33, 0, 34, 35, 36, 37,
    38, 39, 40, 41, 45, 0, 46, 0
};

/*Kern values between classes*/
static const int8_t kern_class_values[] =
{
    0, 0, 0, 0, 0, 0, 0, 0,
    0, 0, 0, -6, 0, 0, 0, 0,
    0, 0, 0, 0, 0, 0, 0, 0,
    0, 0, -6, 0, -6, 0, 0, 0,
    0, 0, -7, 0, -6, 0, 0, -7,
    0, 0, 0, -7, 0, 0, 0, 0,
    0, 0, 0, 0, 0, 0, 0, 0,
    0, 0, 0, 0, 0, 0, 0, 0,
    0, 0, 0, 0, 0, 0, 0, 0,
    0, 0, -15, 0, 0, -8, 0, 0,
    0, 0, 0, 0, 3, 4, 0, 0,
    0, 0, 0, 0, 0, 0, 0, 0,
    0, 0, 0, 0, 0, 0, 0, 0,
    0, 0, 0, 0, 0, 0, 0, 0,
    0, -6, 0, 0, 0, 0, 0, 0,
    0, 0, 0, 0, 0, 0, 0, 0,
    0, 0, 0, 0, 0, 0, 0, 0,
    0, 0, 0, 0, -6, 0, 0, 0,
    0, 0, 0, -8, 0, 0, 0, 0,
    0, 0, 0, 0, 0, 0, 0, -16,
    0, 0, 0, 0, 0, 0, 0, 0,
    0, 0, 0, 0, -16, 0, 0, 0,
    0, -13, 0, 0, 0, 0, 0, 0,
    0, 0, 0, 0, 0, 0, -7, -10,
    0, -10, 0, 0, -14, 0, -9, 0,
    0, 0, -9, -9, -8, 0, -8, -8,
    -7, 0, 0, 0, 0, -9, 0, -6,
    -9, -7, 0, -5, 0, 0, 0, 0,
    0, 0, 0, 0, -6, 0, 0, 0,
    0, 0, 0, 0, 0, 0, -10, 0,
    0, -9, 0, 0, 0, 0, 0, 0,
    0, 0, 0, 0, 0, 0, 0, 0,
    0, 0, 0, 0, 0, 0, 0, 0,
    0, 0, 0, 0, 0, 0, 0, 0,
    -10, 0, 0, -7, 0, 0, 0, 0,
    0, 0, -11, 0, -10, 10, 0, -43,
    -22, 0, 0, 3, 3, 0, -13, -10,
    0, 4, 0, 0, -6, 0, 9, 0,
    -16, 0, 0, -9, 0, 6, 7, 0,
    0, 0, -5, 0, 0, 0, -6, 0,
    -7, -10, 0, 0, 0, 0, 0, 0,
    0, 0, 0, 0, 0, 0, 0, 0,
    0, -8, -8, 0, 0, 0, 0, -23,
    0, 0, 0, 0, 0, 0, 0, 0,
    -8, 0, 0, 0, -25, 0, -11, -7,
    -12, -20, -9, 0, 0, 0, 0, 0,
    0, 0, 0, 0, 0, 0, 0, 0,
    0, 0, 0, 0, 0, 0, 0, 0,
    0, 0, 0, 0, 0, 0, 0, 0,
    0, 0, 0, 0, 0, -5, 0, 0,
    -6, 0, -26, -6, -18, -12, 2, -24,
    0, 0, 0, 0, 0, 0, 0, 0,
    0, 0, 0, 0, 0, 0, 0, 0,
    0, 0, 0, 0, 0, 0, 0, 0,
    0, 0, 0, 0, 0, 0, 0, 0,
    0, 0, -6, 0, -14, 0, 0, -5,
    -27, 0, -12, -9, -15, -23, -15, 0,
    0, 0, 0, 0, 0, 0, 0, 0,
    0, 0, 0, 0, 0, 0, 0, -43,
    0, -70, -16, -6, -13, 0, -22, -19,
    -16, 0, -15, -14, -23, 0, 0, 0,
    -22, -16, 0, -10, -16, -13, 0, 0,
    0, 0, 3, 4, 0, 0, 0, 0,
    0, 0, 0, 0, 0, 0, 0, 0,
    0, 0, -9, 0, 0, -5, 0, -16,
    0, 0, 0, 0, 0, 0, 0, -3,
    0, 0, 0, 0, 0, 0, -3, 0,
    0, 0, 0, 0, -4, 0, -3, 0,
    -6, -9, 0, -16, -8, -20, 0, -6,
    0, 0, -25, 0, -5, -22, 0, 0,
    0, -25, -10, 0, -21, 0, -3, 0,
    0, 0, 0, 0, -3, -14, 0, 0,
    0, 0, -15, -11, 0, -3, 0, 0,
    -4, 0, -19, -5, -14, -9, 3, -18,
    0, -28, 0, 0, 0, 0, 0, 0,
    0, 0, 0, 0, 0, 0, 0, 5,
    -6, 0, -12, 0, 0, 0, 0, 0,
    0, 0, 0, 0, 0, 0, 0, 0,
    3, 0, 0, 0, 0, 0, 0, 0,
    0, 0, 0, 0, 0, -4, 0, -11,
    0, 0, 0, 0, 0, 0, 0, 0,
    0, 0, 0, 0, -5, -8, 0, 0,
    0, -14, 0, 0, 0, 0, 0, 0,
    0, 0, 0, 0, 0, 0, -6, 0,
    -2, 0, 0, 0, 0, 0, 0, 0,
    0, 0, 0, 0, 0, 0, 0, -19,
    0, 0, 0, 0, -17, 0, 0, -13,
    0, 0, -8, -19, 0, 0, 0, -10,
    0, 0, 0, 0, 0, 0, 0, -17,
    0, 0, 0, 0, -17, 0, 0, 0,
    0, 0, 0, 0, -21, 0, -10, -6,
    -4, -19, 0, -30, -8, 0, 0, -7,
    0, 0, 0, 0, 0, 0, 0, 0,
    0, 0, 0, 0, 0, -13, 0, 0,
    0, 0, 0, 0, 0, 0, 0, 0,
    0, 0, 0, 0, 0, 0, 0, 0,
    0, 0, 0, 0, 0, 0, 0, 0,
    0, 0, 0, -19, 0, 0, 0, 0,
    0, 0, 0, 0, 0, 0, -8, 3,
    0, 0, 0, -14, 0, 0, 0, 0,
    0, 0, 0, 0, 0, 0, 0, 0,
    0, 0, -2, 0, 0, 0, 0, 0,
    -2, 0, -2, 0, -3, -6, 0, -14,
    -6, -19, 0, -6, 0, 0, 0, -7,
    -8, 0, -5, 0, 0, 0, -21, -29,
    -23, -31, -4, 0, 0, 0, -13, -11,
    -3, 0, -3, -2, 0, -16, 0, -15,
    -14, -4, 0, -3, -4, 0, 2, 0,
    0, 0, 3, 3, 0, 0, 0, -24,
    0, 0, 0, 0, 0, 0, 0, 0,
    0, 0, -8, 0, 0, 0, 0, -13,
    0, 0, 0, 0, 0, 0, 0, 0,
    0, 0, 0, 0, 0, 0, 0, 0,
    0, 0, 0, 0, -3, 0, -3, 0,
    -3, -7, 0, -15, -6, -18, 0, -6,
    0, 0, 0, 0, 0, 0, 0, 0,
    -8, 0, 0, 0, 0, -16, 0, 0,
    0, 0, 0, 0, 0, -3, 0, 0,
    0, 0, 0, 0, -3, 0, 0, 0,
    0, 0, -3, 0, -3, 0, -5, -8,
    0, -16, -7, -20, 0, -6, 0, 0,
    0, 0, 0, 0, 0, 0, 0, 0,
    0, 0, 0, 0, 0, 0, 0, 0,
    0, 0, 0, 0, 0, 0, 0, 0,
    0, 0, 0, 0, 0, 0, 0, 0,
    -18, 0, -7, 0, 0, -14, 0, 0,
    0, 0, 0, 0, 0, 0, 0, 0,
    0, 0, 0, 0, 0, 0, 0, 0,
    0, 0, 0, 0, 0, 0, 0, 0,
    0, -21, 0, 0, 0, 0, 0, 0,
    0, 0, 0, 0, 0, 0, 0, 0,
    0, 0, 0, 0, 0, 0, 0, 0,
    0, 0, 0, 0, 0, 0, 0, 0,
    0, 0, -8, 8, 0, 0, 0, 0,
    0, 0, 0, 0, 0, 0, 0, 0,
    0, 0, 0, 0, 7, 0, 0, 0,
    0, 0, 0, 0, 0, 0, 0, 0,
    0, 0, 0, 0, 0, 0, 0, -6,
    0, 0, 0, 0, 0, 0, 0, 0,
    0, 0, 0, -28, 0, 0, 0, 0,
    0, -6, 0, 0, 0, -10, 0, 0,
    0, 0, 0, 0, -8, 0, -9, -5,
    0, 0, -10, 0, 0, 0, -11, -11,
    -10, 0, 0, 0, 0, 0, -6, 0,
    -16, 0, 0, 0, 0, 0, 0, -16,
    0, 0, -6, 0, -3, 0, 0, 0,
    -2, 0, -3, -12, -2, -3, 0, 0,
    -12, -6, 0, -4, 0, -3, -4, -4,
    -19, -4, -8, -6, 0, -14, 0, -22,
    0, 0, 0, 0, 0, 0, 0, 0,
    0, 0, 0, 0, -7, 4, 0, 0,
    0, -13, 0, 0, 0, 0, 0, 0,
    0, 0, 0, 0, 0, 0, 3, 0,
    -3, 0, 0, 0, 0, 0, -5, 0,
    -3, -2, -8, -6, -3, -14, -5, -18,
    0, -5, 0, 0, 0, 0, 0, 0,
    0, 0, -8, 2, 0, 0, 0, -15,
    0, 0, 0, 0, 0, 0, 0, -3,
    0, 0, 0, 0, 3, 0, -3, 0,
    -2, 0, 0, 0, -6, 0, -3, -2,
    -9, -8, -5, -15, -7, -20, 0, -6,
    0, 0, 0, 0, 0, 0, 0, 0,
    -9, 0, 0, 0, 0, -16, 0, 0,
    0, 0, 0, 0, 0, -3, 0, 0,
    0, 0, 0, 0, -4, 0, -3, 0,
    0, 0, -6, 0, -3, -2, -9, -9,
    -5, -16, -8, -20, 0, -6, 0, 0,
    0, 0, 0, 0, 0, 0, 0, 2,
    -8, 0, -13, 0, 0, 0, 0, 0,
    0, 0, 0, 0, 0, 0, 0, 0,
    3, -8, 0, -4, 0, 0, -4, 0,
    0, 0, 0, 0, 0, 0, 0, 0,
    0, 0, 0, 0, -6, 0, 0, 0,
    0, 0, 0, 0, 0, 6, -13, -38,
    -14, -34, -2, 0, 0, 0, -10, -10,
    -2, 0, 0, 0, -11, 0, 7, -11,
    -19, -6, 0, -5, -6, -3, 3, 0,
    0, 0, 0, 1, 0, 0, 0, -35,
    0, 0, 0, 0, 0, 0, 0, 0,
    0, 0, -6, 0, 0, 0, 0, 0,
    0, 0, 0, 0, 0, 0, 0, -5,
    0, 0, 0, 0, 0, 0, 0, 0,
    0, 0, 0, 0, -6, 0, -4, -3,
    0, -10, 0, -16, 0, 0, 0, 0,
    0, 0, 0, 0, 0, 0, 0, 0,
    0, 0, -9, 0, -14, 0, 0, 0,
    0, 0, 0, 0, 0, 0, 0, 0,
    0, 0, 3, -9, 0, -3, 0, 0,
    -3, 0, 0, 0, 0, 0, 0, 0,
    0, 0, 0, 0, 0, 0, 0, 0,
    0, 0, 0, 0, 0, 0, -5, 0,
    0, -6, 0, -16, 0, 0, 0, 0,
    0, 0, 0, 0, 0, 0, 0, 0,
    0, 0, -4, 0, 0, 0, 0, 0,
    0, 0, 0, 0, 0, 0, 0, 0,
    0, -20, 0, 0, 0, 0, 3, 0,
    0, 0, 0, 0, 0, -11, -11, 6,
    -14, 7, -6, 0, 5, 0, -3, -3,
    -6, 2, -3, -4, 0, 0, -8, -12,
    0, -10, 0, 0, -10, -9, 0, 0,
    0, 0, 2, 0, 0, 3, 5, 0,
    0, 3, -7, 0, -38, 0, 0, 0,
    0, 0, 0, -53, -12, 0, -22, 0,
    -5, 0, 0, 0, 0, 0, -4, -14,
    0, -3, 0, 0, -15, -13, 0, -7,
    0, 0, -8, -6, -36, -7, -22, -11,
    0, -33, 1, -44, 0, 0, 0, 0,
    0, 0, 0, 0, 0, 0, 0, 0,
    -9, 0, 0, -5, 0, -16, 0, 0,
    0, 0, 0, 0, 0, -3, 0, 0,
    0, 0, 0, 0, -4, 0, -3, 0,
    0, 0, -6, 0, -3, -2, -8, -9,
    -5, -16, -8, -20, 0, -6, -6, 0,
    0, 0, 0, 0, -10, 0, -10, 7,
    0, -41, -8, -32, 0, 0, 0, 0,
    -6, -4, 0, 0, 0, 0, 0, 0,
    8, 0, -13, 0, -3, -12, 0, 0,
    -2, 0, -4, -2, -13, -6, -6, -12,
    -9, -36, 0, -8, 0, 0, 0, 0,
    0, 0, 0, 0, -6, 0, 0, 0,
    0, 0, 0, 0, 0, 0, 0, 0,
    0, -5, 0, 0, 0, 0, 0, 0,
    0, 0, 0, 0, 0, 0, -6, 0,
    -4, -2, 0, -10, 0, -16, 0, 0,
    0, 0, 0, 0, 0, 0, 0, 0,
    0, 0, 0, 0, 0, 0, 0, 0,
    0, 0, 0, 0, 0, 0, 0, -3,
    0, 0, 0, 0, 0, 0, 0, 0,
    0, 0, 0, 0, -6, 0, -4, -3,
    0, -9, 0, -16, 0, 0, 0, 0,
    0, 0, 0, 0, 0, 0, 0, 0,
    -7, 4, 0, 0, 0, -11, 0, 0,
    0, 0, 0, 0, 0, 0, 0, 0,
    0, 0, 4, 0, -4, 0, 0, 0,
    0, 0, -6, 0, -3, -2, -8, -7,
    -2, -14, -6, -18, 0, 0, -7, 0,
    0, 0, 0, 0, -6, 0, 0, 7,
    -25, -26, -27, -27, -4, 0, 0, 0,
    -13, -11, -4, 2, -3, -2, -18, 0,
    7, -18, -19, -6, 0, -4, -6, -4,
    4, 0, 0, 0, 0, 2, 0, 0,
    0, -22, 0, 0, -6, 0, 0, 0,
    0, 0, 0, 0, 0, 0, -11, -18,
    -12, -22, -3, 0, 0, 0, -8, -8,
    -3, 0, -3, 0, -7, 0, 0, -9,
    -7, -3, 0, -3, -3, -3, 0, 0,
    0, 0, 0, 0, 0, 0, 0, -20,
    0, 0, 0, 0, 0, 0, 0, 0,
    0, 0, 0, 0, -7, -12, -9, -16,
    0, 0, 0, 0, -5, -6, 0, 0,
    0, 0, 0, 0, 0, -6, -6, -2,
    0, -2, -2, -2, 0, 0, 0, 0,
    0, 0, 0, 0, 0, -16, 0, 0,
    0, 0, 3, 0, 0, 0, 0, 0,
    0, -5, -12, 2, -15, 3, -5, 0,
    0, 0, -5, -4, -5, 3, -3, -3,
    0, 0, 0, -12, 0, -8, 0, 0,
    -9, -9, 0, 0, 0, 0, 3, 0,
    0, 3, 0, 0, 0, 0, -7, 3,
    4, 0, 0, 0, -6, 0, 0, 0,
    -20, -24, -23, -26, -9, -2, -5, 0,
    -15, -13, -9, 4, -7, -6, -14, 0,
    0, -16, -14, -9, 0, -4, -9, -5,
    2, 0, 0, 0, 0, 0, 0, 4,
    2, -22, 0, 0, 0, 0, 0, 0,
    0, 0, 0, 0, 0, 0, -10, 0,
    -15, 0, 0, 0, 0, 0, 0, 0,
    0, 0, 0, 0, 0, 0, 3, -10,
    0, -5, 0, 0, -5, -3, 1, 0,
    0, 0, 0, 0, 0, 0, 0, 0,
    0, 0, 0, 0, 0, 0, 0, 0,
    0, -10, 0, -6, 0, 0, -16, 0,
    -8, 0, 0, 0, -10, -7, -7, 0,
    -6, -6, 0, 0, 0, 0, 0, -8,
    0, 0, -8, -6, 0, 0, 0, 0,
    0, 2, 0, 0, 0, 0, 0, 0,
    0, 0, 0, 0, 0, 0, 0, 0,
    0, 0, 0, 0, 0, 0, -16, 0,
    0, -11, -12, -11, -16, -20, -13, -14,
    0, 0, 0, 0, 0, -16, 0, -10,
    -16, -14, -27, -16, -22, -16, 3, -26,
    0, -70, 0, 0, 0, 0, -7, 0,
    0, 0, 0, 0, 0, 0, 0, 0,
    0, 0, 0, 0, -20, 0, 0, -17,
    -19, -18, -20, -18, -18, -19, 0, 0,
    0, 0, 0, -20, 0, -18, -21, -16,
    -22, -20, -20, -16, 0, -22, 0, 0,
    0, 0, 0, 0, 0, 0, 0, 0,
    0, 0, 0, -7, 0, -10, 0, 0,
    -12, 0, -6, 0, 0, 0, -7, -6,
    -6, 0, -6, -6, 0, 0, 0, 0,
    0, -6, 0, 0, -7, 0, 0, 0,
    0, 0, 0, 0, 0, 0, 0, 0,
    0, 0, 0, 0, -5, 0, 0, 0,
    0, 0, -6, -7, 0, -8, 0, 0,
    0, 0, 0, 0, 0, 0, 0, 0,
    0, 0, 0, 0, 0, 0, 0, 0,
    0, 0, 0, 0, 0, 0, 0, 0,
    0, 0, 0, 0, 0, 0, 0, 0
};


/*Collect the kern class' data in one place*/
static const lv_font_fmt_txt_kern_classes_t kern_classes =
{
    .class_pair_values   = kern_class_values,
    .left_class_mapping  = kern_left_class_mapping,
    .right_class_mapping = kern_right_class_mapping,
    .left_class_cnt      = 52,
    .right_class_cnt     = 46,
};

/*--------------------
 *  ALL CUSTOM DATA
 *--------------------*/

#if LVGL_VERSION_MAJOR == 8
/*Store all the custom data of the font*/
static  lv_font_fmt_txt_glyph_cache_t cache;
#endif

#if LVGL_VERSION_MAJOR >= 8
static const lv_font_fmt_txt_dsc_t font_dsc = {
#else
static lv_font_fmt_txt_dsc_t font_dsc = {
#endif
    .glyph_bitmap = glyph_bitmap,
    .glyph_dsc = glyph_dsc,
    .cmaps = cmaps,
    .kern_dsc = &kern_classes,
    .kern_scale = 16,
    .cmap_num = 1,
    .bpp = 4,
    .kern_classes = 1,
    .bitmap_format = 0,
#if LVGL_VERSION_MAJOR == 8
    .cache = &cache
#endif
};



/*-----------------
 *  PUBLIC FONT
 *----------------*/

/*Initialize a public general font descriptor*/
#if LVGL_VERSION_MAJOR >= 8
const lv_font_t font_match_bogle_oblique_27_4 = {
#else
lv_font_t font_match_bogle_oblique_27_4 = {
#endif
    .get_glyph_dsc = lv_font_get_glyph_dsc_fmt_txt,    /*Function pointer to get glyph's data*/
    .get_glyph_bitmap = lv_font_get_bitmap_fmt_txt,    /*Function pointer to get glyph's bitmap*/
    .line_height = 26,          /*The maximum line height required by the font*/
    .base_line = 5,             /*Baseline measured from the bottom of the line*/
#if !(LVGL_VERSION_MAJOR == 6 && LVGL_VERSION_MINOR == 0)
    .subpx = LV_FONT_SUBPX_NONE,
#endif
#if LV_VERSION_CHECK(7, 4, 0) || LVGL_VERSION_MAJOR >= 8
    .underline_position = -3,
    .underline_thickness = 1,
#endif
    .dsc = &font_dsc,          /*The custom font data. Will be accessed by `get_glyph_bitmap/dsc` */
#if LV_VERSION_CHECK(8, 2, 0) || LVGL_VERSION_MAJOR >= 9
    .fallback = NULL,
#endif
    .user_data = NULL,
};



#endif /*#if FONT_MATCH_BOGLE_OBLIQUE_27_4*/

